street,city,zip,state,beds,baths,sq__ft,type,price,latitude,longitude,sale_day
3526 HIGH ST,SACRAMENTO,95838,CA,2.0,1.0,836.0,Residential,59222,38.631913,-121.434879,3
51 OMAHA CT,SACRAMENTO,95823,CA,3.0,1.0,1167.0,Residential,68212,38.478902,-121.431028,3
2796 BRANCH ST,SACRAMENTO,95815,CA,2.0,1.0,796.0,Residential,68880,38.618305,-121.443839,3
2805 JANETTE WAY,SACRAMENTO,95815,CA,2.0,1.0,852.0,Residential,69307,38.616835,-121.439146,3
6001 MCMAHON DR,SACRAMENTO,95824,CA,2.0,1.0,797.0,Residential,81900,38.51947,-121.435768,3
5828 PEPPERMILL CT,SACRAMENTO,95841,CA,3.0,1.0,1122.0,Condo,89921,38.662595,-121.327813,3
6048 OGDEN NASH WAY,SACRAMENTO,95842,CA,3.0,2.0,1104.0,Residential,90895,38.681659,-121.351705,3
2561 19TH AVE,SACRAMENTO,95820,CA,3.0,1.0,1177.0,Residential,91002,38.535092,-121.481367,3
11150 TRINITY RIVER DR Unit 114,RANCHO CORDOVA,95670,CA,2.0,2.0,941.0,Condo,94905,38.621188,-121.270555,3
7325 10TH ST,RIO LINDA,95673,CA,3.0,2.0,1146.0,Residential,98937,38.700909,-121.442979,3
645 MORRISON AVE,SACRAMENTO,95838,CA,3.0,2.0,909.0,Residential,100309,38.637663,-121.45152,3
4085 FAWN CIR,SACRAMENTO,95823,CA,3.0,2.0,1289.0,Residential,106250,38.470746,-121.458918,3
2930 LA ROSA RD,SACRAMENTO,95815,CA,1.0,1.0,871.0,Residential,106852,38.618698,-121.435833,3
2113 KIRK WAY,SACRAMENTO,95822,CA,3.0,1.0,1020.0,Residential,107502,38.482215,-121.492603,3
4533 LOCH HAVEN WAY,SACRAMENTO,95842,CA,2.0,2.0,1022.0,Residential,108750,38.672914,-121.35934,3
7340 HAMDEN PL,SACRAMENTO,95842,CA,2.0,2.0,1134.0,Condo,110700,38.700051,-121.351278,3
6715 6TH ST,RIO LINDA,95673,CA,2.0,1.0,844.0,Residential,113263,38.689591,-121.452239,3
6236 LONGFORD DR Unit 1,CITRUS HEIGHTS,95621,CA,2.0,1.0,795.0,Condo,116250,38.679776,-121.314089,3
250 PERALTA AVE,SACRAMENTO,95833,CA,2.0,1.0,588.0,Residential,120000,38.612099,-121.469095,3
113 LEEWILL AVE,RIO LINDA,95673,CA,3.0,2.0,1356.0,Residential,121630,38.689999,-121.46322,3
6118 STONEHAND AVE,CITRUS HEIGHTS,95621,CA,3.0,2.0,1118.0,Residential,122000,38.707851,-121.320707,3
4882 BANDALIN WAY,SACRAMENTO,95823,CA,4.0,2.0,1329.0,Residential,122682,38.468173,-121.444071,3
7511 OAKVALE CT,NORTH HIGHLANDS,95660,CA,4.0,2.0,1240.0,Residential,123000,38.702792,-121.38221,3
9 PASTURE CT,SACRAMENTO,95834,CA,3.0,2.0,1601.0,Residential,124100,38.628631,-121.488097,3
3729 BAINBRIDGE DR,NORTH HIGHLANDS,95660,CA,3.0,2.0,901.0,Residential,125000,38.701499,-121.37622,3
3828 BLACKFOOT WAY,ANTELOPE,95843,CA,3.0,2.0,1088.0,Residential,126640,38.70974,-121.37377,3
4108 NORTON WAY,SACRAMENTO,95820,CA,3.0,1.0,963.0,Residential,127281,38.537526,-121.478315,3
1469 JANRICK AVE,SACRAMENTO,95832,CA,3.0,2.0,1119.0,Residential,129000,38.476472,-121.501711,3
9861 CULP WAY,SACRAMENTO,95827,CA,4.0,2.0,1380.0,Residential,131200,38.558423,-121.327948,3
7825 CREEK VALLEY CIR,SACRAMENTO,95828,CA,3.0,2.0,1248.0,Residential,132000,38.472122,-121.404199,3
5201 LAGUNA OAKS DR Unit 140,ELK GROVE,95758,CA,2.0,2.0,1039.0,Condo,133000,38.423251,-121.444489,3
6768 MEDORA DR,NORTH HIGHLANDS,95660,CA,3.0,2.0,1152.0,Residential,134555,38.691161,-121.37192,3
3100 EXPLORER DR,SACRAMENTO,95827,CA,3.0,2.0,1380.0,Residential,136500,38.566663,-121.332644,3
7944 DOMINION WAY,ELVERTA,95626,CA,3.0,2.0,1116.0,Residential,138750,38.713182,-121.411227,3
5201 LAGUNA OAKS DR Unit 162,ELK GROVE,95758,CA,2.0,2.0,1039.0,Condo,141000,38.423251,-121.444489,3
3920 SHINING STAR DR,SACRAMENTO,95823,CA,3.0,2.0,1418.0,Residential,146250,38.48742,-121.462459,3
5031 CORVAIR ST,NORTH HIGHLANDS,95660,CA,3.0,2.0,1082.0,Residential,147308,38.658246,-121.375469,3
7661 NIXOS WAY,SACRAMENTO,95823,CA,4.0,2.0,1472.0,Residential,148750,38.479553,-121.463317,3
7044 CARTHY WAY,SACRAMENTO,95828,CA,4.0,2.0,1146.0,Residential,149593,38.49857,-121.420925,3
2442 LARKSPUR LN,SACRAMENTO,95825,CA,1.0,1.0,760.0,Condo,150000,38.58514,-121.403736,3
4800 WESTLAKE PKWY Unit 2109,SACRAMENTO,95835,CA,2.0,2.0,1304.0,Condo,152000,38.658812,-121.542345,3
2178 63RD AVE,SACRAMENTO,95822,CA,3.0,2.0,1207.0,Residential,154000,38.493955,-121.48966,3
8718 ELK WAY,ELK GROVE,95624,CA,3.0,2.0,1056.0,Residential,156896,38.41653,-121.379653,3
5708 RIDGEPOINT DR,ANTELOPE,95843,CA,2.0,2.0,1043.0,Residential,161250,38.72027,-121.331555,3
7315 KOALA CT,NORTH HIGHLANDS,95660,CA,4.0,2.0,1587.0,Residential,161500,38.699251,-121.371414,3
2622 ERIN DR,SACRAMENTO,95833,CA,4.0,1.0,1120.0,Residential,164000,38.613765,-121.488694,3
8421 SUNBLAZE WAY,SACRAMENTO,95823,CA,4.0,2.0,1580.0,Residential,165000,38.450543,-121.432538,3
7420 ALIX PKWY,SACRAMENTO,95823,CA,4.0,1.0,1955.0,Residential,166357,38.489405,-121.452811,3
3820 NATOMA WAY,SACRAMENTO,95838,CA,4.0,2.0,1656.0,Residential,166357,38.636748,-121.422159,3
4431 GREEN TREE DR,SACRAMENTO,95823,CA,3.0,2.0,1477.0,Residential,168000,38.499954,-121.454469,3
9417 SARA ST,ELK GROVE,95624,CA,3.0,2.0,1188.0,Residential,170000,38.415518,-121.370527,3
8299 HALBRITE WAY,SACRAMENTO,95828,CA,4.0,2.0,1590.0,Residential,173000,38.473814,-121.4,3
7223 KALLIE KAY LN,SACRAMENTO,95823,CA,3.0,2.0,1463.0,Residential,174250,38.477553,-121.419463,3
8156 STEINBECK WAY,SACRAMENTO,95828,CA,4.0,2.0,1714.0,Residential,174313,38.474853,-121.406326,3
7957 VALLEY GREEN DR,SACRAMENTO,95823,CA,3.0,2.0,1185.0,Residential,178480,38.465184,-121.434925,3
1122 WILD POPPY CT,GALT,95632,CA,3.0,2.0,1406.0,Residential,178760,38.287789,-121.294715,3
4520 BOMARK WAY,SACRAMENTO,95842,CA,4.0,2.0,1943.0,Multi-Family,179580,38.665724,-121.358576,3
9012 KIEFER BLVD,SACRAMENTO,95826,CA,3.0,2.0,1172.0,Residential,181000,38.547011,-121.366217,3
5332 SANDSTONE ST,CARMICHAEL,95608,CA,3.0,1.0,1152.0,Residential,181872,38.662105,-121.313945,3
5993 SAWYER CIR,SACRAMENTO,95823,CA,4.0,3.0,1851.0,Residential,182587,38.4473,-121.435218,3
4844 CLYDEBANK WAY,ANTELOPE,95843,CA,3.0,2.0,1215.0,Residential,182716,38.714609,-121.347887,3
306 CAMELLIA WAY,GALT,95632,CA,3.0,2.0,1130.0,Residential,182750,38.260443,-121.297864,3
9021 MADISON AVE,ORANGEVALE,95662,CA,4.0,2.0,1603.0,Residential,183200,38.664186,-121.217511,3
404 6TH ST,GALT,95632,CA,3.0,1.0,1479.0,Residential,188741,38.251808,-121.302493,3
8317 SUNNY CREEK WAY,SACRAMENTO,95823,CA,3.0,2.0,1420.0,Residential,189000,38.459041,-121.424644,3
2617 BASS CT,SACRAMENTO,95826,CA,3.0,2.0,1280.0,Residential,192067,38.560767,-121.377471,3
7005 TIANT WAY,ELK GROVE,95758,CA,3.0,2.0,1586.0,Residential,194000,38.422811,-121.423285,3
7895 CABER WAY,ANTELOPE,95843,CA,3.0,2.0,1362.0,Residential,194818,38.711279,-121.393449,3
7624 BOGEY CT,SACRAMENTO,95828,CA,4.0,4.0,2162.0,Multi-Family,195000,38.48009,-121.415102,3
6930 HAMPTON COVE WAY,SACRAMENTO,95823,CA,3.0,2.0,1266.0,Residential,198000,38.44004,-121.421012,3
8708 MESA BROOK WAY,ELK GROVE,95624,CA,4.0,2.0,1715.0,Residential,199500,38.44076,-121.385792,3
120 GRANT LN,FOLSOM,95630,CA,3.0,2.0,1820.0,Residential,200000,38.687742,-121.17104,3
5907 ELLERSLEE DR,CARMICHAEL,95608,CA,3.0,1.0,936.0,Residential,200000,38.664468,-121.32683,3
17 SERASPI CT,SACRAMENTO,95834,CA,,,,Residential,206000,38.631481,-121.50188,3
170 PENHOW CIR,SACRAMENTO,95834,CA,3.0,2.0,1511.0,Residential,208000,38.653439,-121.535169,3
8345 STAR THISTLE WAY,SACRAMENTO,95823,CA,4.0,2.0,1590.0,Residential,212864,38.454349,-121.439239,3
9080 FRESCA WAY,ELK GROVE,95758,CA,4.0,2.0,1596.0,Residential,221000,38.427818,-121.424026,3
391 NATALINO CIR,SACRAMENTO,95835,CA,2.0,2.0,1341.0,Residential,221000,38.67307,-121.506373,3
8373 BLACKMAN WAY,ELK GROVE,95624,CA,5.0,3.0,2136.0,Residential,223058,38.435436,-121.394536,3
9837 CORTE DORADO CT,ELK GROVE,95624,CA,4.0,2.0,1616.0,Residential,227887,38.400676,-121.38101,3
5037 J PKWY,SACRAMENTO,95823,CA,3.0,2.0,1478.0,Residential,231477,38.491399,-121.443547,3
10245 LOS PALOS DR,RANCHO CORDOVA,95670,CA,3.0,2.0,1287.0,Residential,234697,38.593699,-121.31089,3
6613 NAVION DR,CITRUS HEIGHTS,95621,CA,4.0,2.0,1277.0,Residential,235000,38.702855,-121.31308,3
2887 AZEVEDO DR,SACRAMENTO,95833,CA,4.0,2.0,1448.0,Residential,236000,38.618457,-121.509439,3
9186 KINBRACE CT,SACRAMENTO,95829,CA,4.0,3.0,2235.0,Residential,236685,38.463355,-121.358936,3
4243 MIDDLEBURY WAY,MATHER,95655,CA,3.0,2.0,2093.0,Residential,237800,38.547991,-121.280483,3
1028 FALLON PLACE CT,RIO LINDA,95673,CA,3.0,2.0,1193.0,Residential,240122,38.693818,-121.441153,3
4804 NORIKER DR,ELK GROVE,95757,CA,3.0,2.0,2163.0,Residential,242638,38.400974,-121.448424,3
7713 HARVEST WOODS DR,SACRAMENTO,95828,CA,3.0,2.0,1269.0,Residential,244000,38.478198,-121.412911,3
2866 KARITSA AVE,SACRAMENTO,95833,CA,,,,Residential,244500,38.626671,-121.52597,3
6913 RICHEVE WAY,SACRAMENTO,95828,CA,3.0,1.0,958.0,Residential,244960,38.502519,-121.420769,3
8636 TEGEA WAY,ELK GROVE,95624,CA,5.0,3.0,2508.0,Residential,245918,38.443832,-121.382087,3
5448 MAIDSTONE WAY,CITRUS HEIGHTS,95621,CA,3.0,2.0,1305.0,Residential,250000,38.665395,-121.293288,3
18 OLLIE CT,ELK GROVE,95758,CA,4.0,2.0,1591.0,Residential,250000,38.444909,-121.412345,3
4010 ALEX LN,CARMICHAEL,95608,CA,2.0,2.0,1326.0,Condo,250134,38.637028,-121.312963,3
4901 MILLNER WAY,ELK GROVE,95757,CA,3.0,2.0,1843.0,Residential,254200,38.38692,-121.447349,3
4818 BRITTNEY LEE CT,SACRAMENTO,95841,CA,4.0,2.0,1921.0,Residential,254200,38.653917,-121.34218,3
5529 LAGUNA PARK DR,ELK GROVE,95758,CA,5.0,3.0,2790.0,Residential,258000,38.42568,-121.438062,3
230 CANDELA CIR,SACRAMENTO,95835,CA,3.0,2.0,1541.0,Residential,260000,38.656251,-121.547572,3
4900 71ST ST,SACRAMENTO,95820,CA,3.0,1.0,1018.0,Residential,260014,38.53151,-121.421089,3
12209 CONSERVANCY WAY,RANCHO CORDOVA,95742,CA,,,,Residential,263500,38.553867,-121.219141,3
4236 NATOMAS CENTRAL DR,SACRAMENTO,95834,CA,3.0,2.0,1672.0,Condo,265000,38.648879,-121.544023,3
5615 LUPIN LN,POLLOCK PINES,95726,CA,3.0,2.0,1380.0,Residential,265000,38.708315,-120.603872,3
5625 JAMES WAY,SACRAMENTO,95822,CA,3.0,1.0,975.0,Residential,271742,38.523947,-121.484946,3
7842 LAHONTAN CT,SACRAMENTO,95829,CA,4.0,3.0,2372.0,Residential,273750,38.472976,-121.318633,3
6850 21ST ST,SACRAMENTO,95822,CA,3.0,2.0,1446.0,Residential,275086,38.502194,-121.490795,3
2900 BLAIR RD,POLLOCK PINES,95726,CA,2.0,2.0,1284.0,Residential,280908,38.75485,-120.60476,3
2064 EXPEDITION WAY,SACRAMENTO,95832,CA,4.0,3.0,3009.0,Residential,280987,38.474099,-121.490711,3
2912 NORCADE CIR,SACRAMENTO,95826,CA,8.0,4.0,3612.0,Multi-Family,282400,38.559505,-121.364839,3
9507 SEA CLIFF WAY,ELK GROVE,95758,CA,4.0,2.0,2056.0,Residential,285000,38.410992,-121.479043,3
8882 AUTUMN GOLD CT,ELK GROVE,95624,CA,4.0,2.0,1993.0,Residential,287417,38.4439,-121.37255,3
5322 WHITE LOTUS WAY,ELK GROVE,95757,CA,3.0,2.0,1857.0,Residential,291000,38.391538,-121.442596,3
1838 CASTRO WAY,SACRAMENTO,95818,CA,2.0,1.0,1126.0,Residential,292024,38.556098,-121.490787,3
10158 CRAWFORD WAY,SACRAMENTO,95827,CA,4.0,4.0,2213.0,Multi-Family,297000,38.5703,-121.315735,3
7731 MASTERS ST,ELK GROVE,95758,CA,5.0,3.0,2494.0,Residential,297000,38.442031,-121.410873,3
4925 PERCHERON DR,ELK GROVE,95757,CA,3.0,2.0,1843.0,Residential,298000,38.40154,-121.447649,3
2010 PROMONTORY POINT LN,GOLD RIVER,95670,CA,2.0,2.0,1520.0,Residential,299000,38.62869,-121.261669,3
4727 SAVOIE WAY,SACRAMENTO,95835,CA,5.0,3.0,2800.0,Residential,304037,38.658182,-121.549521,3
8664 MAGNOLIA HILL WAY,ELK GROVE,95624,CA,4.0,2.0,2309.0,Residential,311000,38.442352,-121.389675,3
9570 HARVEST ROSE WAY,SACRAMENTO,95827,CA,5.0,3.0,2367.0,Residential,315537,38.555993,-121.340352,3
4359 CREGAN CT,RANCHO CORDOVA,95742,CA,5.0,4.0,3516.0,Residential,320000,38.545128,-121.224922,3
5337 DUSTY ROSE WAY,RANCHO CORDOVA,95742,CA,,,,Residential,320000,38.528575,-121.2286,3
8929 SUTTERS GOLD DR,SACRAMENTO,95826,CA,4.0,3.0,1914.0,Residential,328360,38.550848,-121.370224,3
8025 PEERLESS AVE,ORANGEVALE,95662,CA,2.0,1.0,1690.0,Residential,334150,38.71147,-121.216214,3
4620 WELERA WAY,ELK GROVE,95757,CA,3.0,3.0,2725.0,Residential,335750,38.398609,-121.450148,3
9723 TERRAPIN CT,ELK GROVE,95757,CA,4.0,3.0,2354.0,Residential,335750,38.403492,-121.430224,3
2115 SMOKESTACK WAY,SACRAMENTO,95833,CA,,,,Residential,339500,38.602416,-121.542965,3
100 REBECCA WAY,FOLSOM,95630,CA,3.0,2.0,2185.0,Residential,344250,38.68479,-121.149199,3
9488 OAK VILLAGE WAY,ELK GROVE,95758,CA,4.0,2.0,1801.0,Residential,346210,38.41333,-121.404999,3
8495 DARTFORD DR,SACRAMENTO,95823,CA,3.0,3.0,1961.0,Residential,347029,38.448507,-121.421346,3
6708 PONTA DO SOL WAY,ELK GROVE,95757,CA,4.0,2.0,3134.0,Residential,347650,38.380635,-121.425538,3
4143 SEA MEADOW WAY,SACRAMENTO,95823,CA,4.0,3.0,1915.0,Residential,351300,38.46534,-121.457519,3
3020 RICHARDSON CIR,EL DORADO HILLS,95762,CA,3.0,2.0,0.0,Residential,352000,38.691299,-121.081752,3
8082 LINDA ISLE LN,SACRAMENTO,95831,CA,,,,Residential,370000,38.4772,-121.5215,3
15300 MURIETA SOUTH PKWY,RANCHO MURIETA,95683,CA,4.0,3.0,2734.0,Residential,370500,38.4874,-121.075129,3
11215 SHARRMONT CT,WILTON,95693,CA,3.0,2.0,2110.0,Residential,372000,38.35062,-121.228349,3
7105 DANBERG WAY,ELK GROVE,95757,CA,5.0,3.0,3164.0,Residential,375000,38.4019,-121.420388,3
5579 JERRY LITELL WAY,SACRAMENTO,95835,CA,5.0,3.0,3599.0,Residential,381300,38.677126,-121.500519,3
1050 FOXHALL WAY,SACRAMENTO,95831,CA,4.0,2.0,2054.0,Residential,381942,38.509819,-121.519661,3
7837 ABBINGTON WAY,ANTELOPE,95843,CA,4.0,2.0,1830.0,Residential,387731,38.709873,-121.339472,3
1300 F ST,SACRAMENTO,95814,CA,3.0,3.0,1627.0,Residential,391000,38.58355,-121.487289,3
6801 RAWLEY WAY,ELK GROVE,95757,CA,4.0,3.0,3440.0,Residential,394470,38.408351,-121.423925,3
1693 SHELTER COVE DR,GREENWOOD,95635,CA,3.0,2.0,2846.0,Residential,395000,38.945357,-120.908822,3
9361 WADDELL LN,ELK GROVE,95624,CA,4.0,3.0,2359.0,Residential,400186,38.450829,-121.349928,3
10 SEA FOAM CT,SACRAMENTO,95831,CA,3.0,3.0,2052.0,Residential,415000,38.487885,-121.545947,3
6945 RIO TEJO WAY,ELK GROVE,95757,CA,5.0,3.0,3433.0,Residential,425000,38.385638,-121.422616,3
4186 TULIP PARK WAY,RANCHO CORDOVA,95742,CA,5.0,3.0,3615.0,Residential,430000,38.550617,-121.23526,3
9278 DAIRY CT,ELK GROVE,95624,CA,,,,Residential,445000,38.420338,-121.363757,3
207 ORANGE BLOSSOM CIR Unit C,FOLSOM,95630,CA,5.0,3.0,2687.0,Residential,460000,38.646273,-121.175322,3
6507 RIO DE ONAR WAY,ELK GROVE,95757,CA,4.0,3.0,2724.0,Residential,461000,38.38253,-121.428007,3
7004 RAWLEY WAY,ELK GROVE,95757,CA,4.0,3.0,3440.0,Residential,489332,38.406421,-121.422081,3
6503 RIO DE ONAR WAY,ELK GROVE,95757,CA,5.0,4.0,3508.0,Residential,510000,38.38253,-121.428038,3
2217 APPALOOSA CT,FOLSOM,95630,CA,4.0,2.0,2462.0,Residential,539000,38.655167,-121.090178,3
868 HILDEBRAND CIR,FOLSOM,95630,CA,,,,Residential,585000,38.670947,-121.097727,3
6030 PALERMO WAY,EL DORADO HILLS,95762,CA,4.0,3.0,0.0,Residential,600000,38.672761,-121.050378,3
4070 REDONDO DR,EL DORADO HILLS,95762,CA,4.0,3.0,0.0,Residential,606238,38.666807,-121.06483,3
4004 CRESTA WAY,SACRAMENTO,95864,CA,3.0,3.0,2325.0,Residential,660000,38.591618,-121.370626,3
315 JUMEL CT,EL DORADO HILLS,95762,CA,6.0,5.0,0.0,Residential,830000,38.669931,-121.05958,3
6272 LONGFORD DR Unit 1,CITRUS HEIGHTS,95621,CA,2.0,1.0,795.0,Condo,69000,38.680923,-121.313945,2
3432 Y ST,SACRAMENTO,95817,CA,4.0,2.0,1099.0,Residential,70000,38.554967,-121.468046,2
9512 EMERALD PARK DR Unit 3,ELK GROVE,95624,CA,2.0,1.0,840.0,Condo,71000,38.40573,-121.369832,2
3132 CLAY ST,SACRAMENTO,95815,CA,2.0,1.0,800.0,Residential,78000,38.624678,-121.439203,2
5221 38TH AVE,SACRAMENTO,95824,CA,2.0,1.0,746.0,Residential,78400,38.518044,-121.443555,2
6112 HERMOSA ST,SACRAMENTO,95822,CA,3.0,1.0,1067.0,Residential,80000,38.515125,-121.480416,2
483 ARCADE BLVD,SACRAMENTO,95815,CA,4.0,2.0,1316.0,Residential,89000,38.623571,-121.454884,2
671 SONOMA AVE,SACRAMENTO,95815,CA,3.0,1.0,1337.0,Residential,90000,38.622953,-121.450142,2
5980 79TH ST,SACRAMENTO,95824,CA,2.0,1.0,868.0,Residential,90000,38.518373,-121.411779,2
7607 ELDER CREEK RD,SACRAMENTO,95824,CA,3.0,1.0,924.0,Residential,92000,38.51055,-121.414768,2
5028 14TH AVE,SACRAMENTO,95820,CA,2.0,1.0,610.0,Residential,93675,38.53942,-121.446894,2
14788 NATCHEZ CT,RANCHO MURIETA,95683,CA,,,,Residential,97750,38.492287,-121.100032,2
1069 ACACIA AVE,SACRAMENTO,95815,CA,2.0,1.0,1220.0,Residential,98000,38.621998,-121.442238,2
5201 LAGUNA OAKS DR Unit 199,ELK GROVE,95758,CA,1.0,1.0,722.0,Condo,98000,38.423251,-121.444489,2
3847 LAS PASAS WAY,SACRAMENTO,95864,CA,3.0,1.0,1643.0,Residential,99000,38.588672,-121.373916,2
5201 LAGUNA OAKS DR Unit 172,ELK GROVE,95758,CA,1.0,1.0,722.0,Condo,100000,38.423251,-121.444489,2
1121 CREEKSIDE WAY,GALT,95632,CA,3.0,1.0,1080.0,Residential,106716,38.241514,-121.312199,2
5307 CABRILLO WAY,SACRAMENTO,95820,CA,3.0,1.0,1039.0,Residential,111000,38.52712,-121.435348,2
3725 DON JULIO BLVD,NORTH HIGHLANDS,95660,CA,3.0,1.0,1051.0,Residential,111000,38.67895,-121.379406,2
4803 MCCLOUD DR,SACRAMENTO,95842,CA,2.0,2.0,967.0,Residential,114800,38.682279,-121.352817,2
10542 SILVERWOOD WAY,RANCHO CORDOVA,95670,CA,3.0,1.0,1098.0,Residential,120108,38.587156,-121.295778,2
6318 39TH AVE,SACRAMENTO,95824,CA,3.0,1.0,1050.0,Residential,123225,38.518942,-121.430158,2
211 MCDANIEL CIR,SACRAMENTO,95838,CA,3.0,2.0,1110.0,Residential,123750,38.636565,-121.460383,2
3800 LYNHURST WAY,NORTH HIGHLANDS,95660,CA,3.0,1.0,888.0,Residential,125000,38.650445,-121.374861,2
6139 HERMOSA ST,SACRAMENTO,95822,CA,3.0,2.0,1120.0,Residential,125000,38.514665,-121.480411,2
2505 RHINE WAY,ELVERTA,95626,CA,3.0,2.0,1080.0,Residential,126000,38.717976,-121.407684,2
3692 PAYNE WAY,NORTH HIGHLANDS,95660,CA,3.0,1.0,957.0,Residential,129000,38.66654,-121.378298,2
604 MORRISON AVE,SACRAMENTO,95838,CA,2.0,1.0,952.0,Residential,134000,38.637678,-121.452476,2
648 SANTA ANA AVE,SACRAMENTO,95838,CA,3.0,2.0,1211.0,Residential,135000,38.658478,-121.450409,2
14 ASHLEY OAKS CT,SACRAMENTO,95815,CA,3.0,2.0,1264.0,Residential,135500,38.61779,-121.436765,2
3174 NORTHVIEW DR,SACRAMENTO,95833,CA,3.0,1.0,1080.0,Residential,140000,38.623817,-121.477827,2
840 TRANQUIL LN,GALT,95632,CA,3.0,2.0,1266.0,Residential,140000,38.270617,-121.299205,2
5333 PRIMROSE DR Unit 19A,FAIR OAKS,95628,CA,2.0,2.0,994.0,Condo,142500,38.662785,-121.276272,2
1035 MILLET WAY,SACRAMENTO,95834,CA,3.0,2.0,1202.0,Residential,143500,38.631056,-121.48508,2
5201 LAGUNA OAKS DR Unit 126,ELK GROVE,95758,CA,,,,Condo,145000,38.423251,-121.444489,2
3328 22ND AVE,SACRAMENTO,95820,CA,2.0,1.0,722.0,Residential,145000,38.532727,-121.470783,2
8001 HARTWICK WAY,SACRAMENTO,95828,CA,4.0,2.0,1448.0,Residential,145000,38.488623,-121.410582,2
7812 HARTWICK WAY,SACRAMENTO,95828,CA,3.0,2.0,1188.0,Residential,145000,38.488611,-121.412808,2
4207 PAINTER WAY,NORTH HIGHLANDS,95660,CA,4.0,2.0,1183.0,Residential,146000,38.692915,-121.367497,2
7458 WINKLEY WAY,SACRAMENTO,95822,CA,3.0,1.0,1320.0,Residential,148500,38.487444,-121.491366,2
8354 SUNRISE WOODS WAY,SACRAMENTO,95828,CA,3.0,2.0,1117.0,Residential,149000,38.473288,-121.3963,2
8116 COTTONMILL CIR,SACRAMENTO,95828,CA,3.0,2.0,1364.0,Residential,150000,38.482876,-121.405912,2
4660 CEDARWOOD WAY,SACRAMENTO,95823,CA,4.0,2.0,1310.0,Residential,150000,38.484834,-121.449316,2
9254 HARROGATE WAY,ELK GROVE,95758,CA,2.0,2.0,1006.0,Residential,152000,38.420138,-121.412179,2
6716 TAREYTON WAY,CITRUS HEIGHTS,95621,CA,3.0,2.0,1104.0,Residential,156000,38.693724,-121.307169,2
2028 ROBERT WAY,SACRAMENTO,95825,CA,2.0,1.0,810.0,Residential,156000,38.609982,-121.419263,2
9346 AIZENBERG CIR,ELK GROVE,95624,CA,2.0,2.0,1123.0,Residential,156000,38.41875,-121.370019,2
4524 LOCH HAVEN WAY,SACRAMENTO,95842,CA,2.0,1.0,904.0,Residential,157788,38.67273,-121.359645,2
7140 BLUE SPRINGS WAY,CITRUS HEIGHTS,95621,CA,3.0,2.0,1156.0,Residential,161653,38.720653,-121.302241,2
4631 11TH AVE,SACRAMENTO,95820,CA,2.0,1.0,1321.0,Residential,161829,38.541965,-121.452132,2
3228 BAGGAN CT,ANTELOPE,95843,CA,3.0,2.0,1392.0,Residential,165000,38.715346,-121.388163,2
8515 DARTFORD DR,SACRAMENTO,95823,CA,3.0,2.0,1439.0,Residential,168000,38.448288,-121.420719,2
4500 TIPPWOOD WAY,SACRAMENTO,95842,CA,3.0,2.0,1159.0,Residential,169000,38.69951,-121.359989,2
2460 EL ROCCO WAY,RANCHO CORDOVA,95670,CA,3.0,2.0,1671.0,Residential,175000,38.591477,-121.31534,2
8244 SUNBIRD WAY,SACRAMENTO,95823,CA,3.0,2.0,1740.0,Residential,176250,38.457654,-121.431381,2
5841 VALLEY VALE WAY,SACRAMENTO,95823,CA,3.0,2.0,1265.0,Residential,179000,38.461283,-121.434322,2
7863 CRESTLEIGH CT,ANTELOPE,95843,CA,2.0,2.0,1007.0,Residential,180000,38.710889,-121.358876,2
7129 SPRINGMONT DR,ELK GROVE,95758,CA,3.0,2.0,1716.0,Residential,180400,38.417649,-121.420294,2
8284 RED FOX WAY,ELK GROVE,95758,CA,4.0,2.0,1685.0,Residential,182000,38.417182,-121.397231,2
2219 EL CANTO CIR,RANCHO CORDOVA,95670,CA,4.0,2.0,1829.0,Residential,184500,38.592383,-121.318669,2
8907 GEMWOOD WAY,ELK GROVE,95758,CA,3.0,2.0,1555.0,Residential,185000,38.435471,-121.441173,2
5925 MALEVILLE AVE,CARMICHAEL,95608,CA,4.0,2.0,1120.0,Residential,189000,38.666564,-121.325717,2
7031 CANEVALLEY CIR,CITRUS HEIGHTS,95621,CA,3.0,2.0,1137.0,Residential,194000,38.718693,-121.303619,2
3949 WILDROSE WAY,SACRAMENTO,95826,CA,3.0,1.0,1174.0,Residential,195000,38.543697,-121.366683,2
4437 MITCHUM CT,ANTELOPE,95843,CA,3.0,2.0,1393.0,Residential,200000,38.704407,-121.36113,2
2778 KAWEAH CT,CAMERON PARK,95682,CA,3.0,1.0,0.0,Residential,201000,38.694052,-120.995589,2
1636 ALLENWOOD CIR,LINCOLN,95648,CA,4.0,2.0,0.0,Residential,202500,38.879192,-121.309477,2
8151 QUAIL RIDGE CT,SACRAMENTO,95828,CA,3.0,2.0,1289.0,Residential,205000,38.461296,-121.390858,2
4899 WIND CREEK DR,SACRAMENTO,95838,CA,4.0,2.0,1799.0,Residential,205000,38.655887,-121.446119,2
2370 BIG CANYON CREEK RD,PLACERVILLE,95667,CA,3.0,2.0,0.0,Residential,205000,38.74458,-120.794254,2
6049 HAMBURG WAY,SACRAMENTO,95823,CA,4.0,3.0,1953.0,Residential,205000,38.443253,-121.431992,2
4232 71ST ST,SACRAMENTO,95820,CA,2.0,1.0,723.0,Residential,207000,38.536741,-121.42115,2
3361 BOW MAR CT,CAMERON PARK,95682,CA,2.0,2.0,0.0,Residential,210000,38.69437,-120.996602,2
1889 COLD SPRINGS RD,PLACERVILLE,95667,CA,2.0,1.0,948.0,Residential,211500,38.739774,-120.860243,2
5805 HIMALAYA WAY,CITRUS HEIGHTS,95621,CA,4.0,2.0,1578.0,Residential,215000,38.696489,-121.328555,2
7944 SYLVAN OAK WAY,CITRUS HEIGHTS,95610,CA,3.0,2.0,1317.0,Residential,215000,38.710388,-121.261096,2
3139 SPOONWOOD WAY Unit 1,SACRAMENTO,95833,CA,,,,Residential,215500,38.626582,-121.52151,2
6217 LEOLA WAY,SACRAMENTO,95824,CA,3.0,1.0,1360.0,Residential,222381,38.513066,-121.451909,2
2340 HURLEY WAY,SACRAMENTO,95825,CA,,,,Condo,225000,38.588816,-121.408549,2
3035 BRUNNET LN,SACRAMENTO,95833,CA,3.0,2.0,1522.0,Residential,225000,38.624762,-121.522775,2
3025 EL PRADO WAY,SACRAMENTO,95825,CA,4.0,2.0,1751.0,Residential,225000,38.606603,-121.394147,2
9387 GRANITE FALLS CT,ELK GROVE,95624,CA,3.0,2.0,1465.0,Residential,225000,38.419214,-121.348533,2
9257 CALDERA WAY,SACRAMENTO,95826,CA,4.0,2.0,1605.0,Residential,228000,38.55821,-121.355022,2
441 ARLINGDALE CIR,RIO LINDA,95673,CA,4.0,2.0,1475.0,Residential,229665,38.702893,-121.454949,2
2284 LOS ROBLES RD,MEADOW VISTA,95722,CA,3.0,1.0,1216.0,Residential,230000,39.008159,-121.03623,2
8164 CHENIN BLANC LN,FAIR OAKS,95628,CA,2.0,2.0,1315.0,Residential,230000,38.665644,-121.259969,2
4620 CHAMBERLIN CIR,ELK GROVE,95757,CA,3.0,2.0,1567.0,Residential,230000,38.390557,-121.449805,2
5340 BIRK WAY,SACRAMENTO,95835,CA,3.0,2.0,1776.0,Residential,234000,38.672495,-121.515251,2
51 ANJOU CIR,SACRAMENTO,95835,CA,3.0,2.0,2187.0,Residential,235000,38.661658,-121.540633,2
2125 22ND AVE,SACRAMENTO,95822,CA,3.0,1.0,1291.0,Residential,236250,38.534596,-121.493121,2
611 BLOSSOM ROCK LN,FOLSOM,95630,CA,,,,Condo,240000,38.6457,-121.1197,2
8830 ADUR RD,ELK GROVE,95624,CA,,,,Residential,242000,38.43742,-121.372876,2
7344 BUTTERBALL WAY,SACRAMENTO,95842,CA,3.0,2.0,1503.0,Residential,245000,38.699489,-121.361828,2
8219 GWINHURST CIR,SACRAMENTO,95828,CA,4.0,3.0,2491.0,Residential,245000,38.459711,-121.384283,2
3240 S ST,SACRAMENTO,95816,CA,2.0,1.0,1269.0,Residential,245000,38.562296,-121.467489,2
221 PICASSO CIR,SACRAMENTO,95835,CA,,,,Residential,250000,38.676658,-121.528128,2
5706 GREENACRES WAY,ORANGEVALE,95662,CA,3.0,2.0,1176.0,Residential,250000,38.669882,-121.213533,2
6900 LONICERA DR,ORANGEVALE,95662,CA,4.0,2.0,1456.0,Residential,250000,38.692199,-121.250975,2
419 DAWNRIDGE RD,ROSEVILLE,95678,CA,3.0,2.0,1498.0,Residential,250000,38.725283,-121.297953,2
5312 MARBURY WAY,ANTELOPE,95843,CA,3.0,2.0,1574.0,Residential,255000,38.710221,-121.341651,2
6344 BONHAM CIR,CITRUS HEIGHTS,95610,CA,5.0,4.0,2085.0,Multi-Family,256054,38.682358,-121.272876,2
8207 YORKTON WAY,SACRAMENTO,95829,CA,3.0,2.0,2170.0,Residential,257729,38.45967,-121.360461,2
7922 MANSELL WAY,ELK GROVE,95758,CA,4.0,2.0,1595.0,Residential,260000,38.409634,-121.410787,2
5712 MELBURY CIR,ANTELOPE,95843,CA,3.0,2.0,1567.0,Residential,261000,38.705849,-121.334701,2
632 NEWBRIDGE LN,LINCOLN,95648,CA,4.0,2.0,0.0,Residential,261800,38.879084,-121.298586,2
1570 GLIDDEN AVE,SACRAMENTO,95822,CA,4.0,2.0,1253.0,Residential,264469,38.482704,-121.500433,2
8108 FILIFERA WAY,ANTELOPE,95843,CA,4.0,3.0,1768.0,Residential,265000,38.717042,-121.35468,2
230 BANKSIDE WAY,SACRAMENTO,95835,CA,,,,Residential,270000,38.676937,-121.529244,2
5342 CALABRIA WAY,SACRAMENTO,95835,CA,4.0,3.0,2030.0,Residential,270000,38.671807,-121.498274,2
47 NAPONEE CT,SACRAMENTO,95835,CA,3.0,2.0,1531.0,Residential,270000,38.665704,-121.529096,2
4236 ADRIATIC SEA WAY,SACRAMENTO,95834,CA,,,,Residential,270000,38.647961,-121.543162,2
8864 REMBRANT CT,ELK GROVE,95624,CA,4.0,3.0,1653.0,Residential,275000,38.435288,-121.375703,2
9455 SEA CLIFF WAY,ELK GROVE,95758,CA,4.0,2.0,2056.0,Residential,275000,38.411522,-121.481406,2
9720 LITTLE HARBOR WAY,ELK GROVE,95624,CA,4.0,3.0,2494.0,Residential,280000,38.404934,-121.352405,2
8806 PHOENIX AVE,FAIR OAKS,95628,CA,3.0,2.0,1450.0,Residential,286013,38.660322,-121.230101,2
3578 LOGGERHEAD WAY,SACRAMENTO,95834,CA,4.0,2.0,2169.0,Residential,292000,38.633028,-121.526755,2
1416 LOCKHART WAY,ROSEVILLE,95747,CA,3.0,2.0,1440.0,Residential,292000,38.752399,-121.330328,2
5413 BUENA VENTURA WAY,FAIR OAKS,95628,CA,3.0,2.0,1527.0,Residential,293993,38.664552,-121.255937,2
37 WHITE BIRCH CT,ROSEVILLE,95678,CA,3.0,2.0,1401.0,Residential,294000,38.776327,-121.284514,2
405 MARLIN SPIKE WAY,SACRAMENTO,95838,CA,3.0,2.0,1411.0,Residential,296769,38.65783,-121.456842,2
1102 CHESLEY LN,LINCOLN,95648,CA,4.0,4.0,0.0,Residential,297500,38.864864,-121.313988,2
11281 STANFORD COURT LN Unit 604,GOLD RIVER,95670,CA,,,,Condo,300000,38.625289,-121.260286,2
7320 6TH ST,RIO LINDA,95673,CA,3.0,1.0,1284.0,Residential,300000,38.700553,-121.452223,2
993 MANTON CT,GALT,95632,CA,4.0,3.0,2307.0,Residential,300000,38.272942,-121.289148,2
4487 PANORAMA DR,PLACERVILLE,95667,CA,3.0,2.0,1329.0,Residential,300000,38.694559,-120.848157,2
5651 OVERLEAF WAY,SACRAMENTO,95835,CA,4.0,2.0,1910.0,Residential,300500,38.677454,-121.494791,2
2015 PROMONTORY POINT LN,GOLD RIVER,95670,CA,3.0,2.0,1981.0,Residential,305000,38.628732,-121.261149,2
3224 PARKHAM DR,ROSEVILLE,95747,CA,,,,Residential,306500,38.772771,-121.364877,2
15 VANESSA PL,SACRAMENTO,95835,CA,,,,Residential,312500,38.668692,-121.54549,2
1312 RENISON LN,LINCOLN,95648,CA,5.0,3.0,0.0,Residential,315000,38.866409,-121.308485,2
8 RIVER RAFT CT,SACRAMENTO,95823,CA,4.0,2.0,2205.0,Residential,319789,38.447353,-121.434969,2
2251 LAMPLIGHT LN,LINCOLN,95648,CA,2.0,2.0,1449.0,Residential,330000,38.849924,-121.275729,2
106 FARHAM DR,FOLSOM,95630,CA,3.0,2.0,1258.0,Residential,330000,38.667834,-121.168578,2
5405 NECTAR CIR,ELK GROVE,95757,CA,3.0,2.0,2575.0,Residential,331000,38.387014,-121.440967,2
5411 10TH AVE,SACRAMENTO,95820,CA,2.0,1.0,539.0,Residential,334000,38.542727,-121.442449,2
3512 RAINSONG CIR,RANCHO CORDOVA,95670,CA,4.0,3.0,2208.0,Residential,336000,38.573488,-121.282809,2
1106 55TH ST,SACRAMENTO,95819,CA,3.0,1.0,1108.0,Residential,339000,38.563805,-121.436395,2
411 ILLSLEY WAY,FOLSOM,95630,CA,4.0,2.0,1595.0,Residential,339000,38.652002,-121.129504,2
796 BUTTERCUP CIR,GALT,95632,CA,4.0,2.0,2159.0,Residential,345000,38.279581,-121.300828,2
1230 SANDRA CIR,PLACERVILLE,95667,CA,4.0,3.0,2295.0,Residential,350000,38.738141,-120.784145,2
318 ANACAPA DR,ROSEVILLE,95678,CA,3.0,2.0,1838.0,Residential,356000,38.782094,-121.297133,2
3975 SHINING STAR DR,SACRAMENTO,95823,CA,4.0,2.0,1900.0,Residential,361745,38.487409,-121.461413,2
1620 BASLER ST,SACRAMENTO,95811,CA,4.0,2.0,1718.0,Residential,361948,38.591822,-121.478644,2
9688 NATURE TRAIL WAY,ELK GROVE,95757,CA,5.0,3.0,3389.0,Residential,370000,38.405224,-121.479275,2
5924 TANUS CIR,ROCKLIN,95677,CA,4.0,2.0,0.0,Residential,380000,38.778691,-121.204292,2
9629 CEDAR OAK WAY,ELK GROVE,95757,CA,5.0,4.0,3260.0,Residential,385000,38.405527,-121.431746,2
3429 FERNBROOK CT,CAMERON PARK,95682,CA,3.0,2.0,2016.0,Residential,399000,38.664225,-121.007173,2
2121 HANNAH WAY,ROCKLIN,95765,CA,4.0,2.0,2607.0,Residential,402000,38.805749,-121.280931,2
10104 ANNIE ST,ELK GROVE,95757,CA,4.0,3.0,2724.0,Residential,406026,38.390465,-121.443479,2
1092 MAUGHAM CT,GALT,95632,CA,5.0,4.0,3746.0,Residential,420000,38.271646,-121.286848,2
5404 ALMOND FALLS WAY,RANCHO CORDOVA,95742,CA,,,,Residential,425000,38.527502,-121.233492,2
6306 CONEJO,RANCHO MURIETA,95683,CA,4.0,2.0,3192.0,Residential,425000,38.512602,-121.087233,2
14 CASA VATONI PL,SACRAMENTO,95834,CA,,,,Residential,433500,38.650221,-121.551704,2
1456 EAGLESFIELD LN,LINCOLN,95648,CA,4.0,3.0,0.0,Residential,436746,38.857635,-121.311375,2
4100 BOTHWELL CIR,EL DORADO HILLS,95762,CA,5.0,3.0,0.0,Residential,438700,38.679136,-121.034329,2
427 21ST ST,SACRAMENTO,95811,CA,2.0,1.0,1247.0,Residential,445000,38.582604,-121.47576,2
1044 GALSTON DR,FOLSOM,95630,CA,4.0,2.0,2581.0,Residential,450000,38.676306,-121.09954,2
4440 SYCAMORE AVE,SACRAMENTO,95841,CA,3.0,1.0,2068.0,Residential,460000,38.646374,-121.353658,2
1032 SOUZA DR,EL DORADO HILLS,95762,CA,3.0,2.0,0.0,Residential,460000,38.668239,-121.064437,2
9760 LAZULITE CT,ELK GROVE,95624,CA,4.0,3.0,3992.0,Residential,460000,38.403609,-121.335541,2
241 LANFRANCO CIR,SACRAMENTO,95835,CA,4.0,4.0,3397.0,Residential,465000,38.665696,-121.549437,2
5559 NORTHBOROUGH DR,SACRAMENTO,95835,CA,5.0,3.0,3881.0,Residential,471750,38.677225,-121.519687,2
2125 BIG SKY DR,ROCKLIN,95765,CA,5.0,3.0,0.0,Residential,480000,38.801637,-121.278798,2
2109 HAMLET PL,CARMICHAEL,95608,CA,2.0,2.0,1598.0,Residential,484000,38.602754,-121.329326,2
9970 STATE HIGHWAY 193,PLACERVILLE,95667,CA,4.0,3.0,1929.0,Residential,485000,38.787877,-120.816676,2
2901 PINTAIL WAY,ELK GROVE,95757,CA,4.0,3.0,3070.0,Residential,495000,38.398488,-121.473424,2
201 FIRESTONE DR,ROSEVILLE,95678,CA,,,,Residential,500500,38.770153,-121.300039,2
1740 HIGH ST,AUBURN,95603,CA,3.0,3.0,0.0,Residential,504000,38.891935,-121.08434,2
2733 DANA LOOP,EL DORADO HILLS,95762,CA,,,,Residential,541000,38.628459,-121.055078,2
9741 SADDLEBRED CT,WILTON,95693,CA,,,,Residential,560000,38.408841,-121.198039,2
7756 TIGERWOODS DR,SACRAMENTO,95829,CA,5.0,3.0,3984.0,Residential,572500,38.47643,-121.309243,2
5709 RIVER OAK WAY,CARMICHAEL,95608,CA,4.0,2.0,2222.0,Residential,582000,38.602461,-121.330979,2
2981 WRINGER DR,ROSEVILLE,95661,CA,4.0,3.0,3838.0,Residential,613401,38.735373,-121.227072,2
8616 ROCKPORTE CT,ROSEVILLE,95747,CA,4.0,2.0,0.0,Residential,614000,38.742118,-121.359909,2
4128 HILL ST,FAIR OAKS,95628,CA,5.0,5.0,2846.0,Residential,680000,38.64167,-121.262099,2
1409 47TH ST,SACRAMENTO,95819,CA,5.0,2.0,2484.0,Residential,699000,38.563244,-121.446876,2
3935 EL MONTE DR,LOOMIS,95650,CA,4.0,4.0,1624.0,Residential,839000,38.813337,-121.133348,2
5840 WALERGA RD,SACRAMENTO,95842,CA,2.0,1.0,840.0,Condo,40000,38.673678,-121.357471,1
923 FULTON AVE,SACRAMENTO,95825,CA,1.0,1.0,484.0,Condo,48000,38.582279,-121.401482,1
261 REDONDO AVE,SACRAMENTO,95815,CA,3.0,1.0,970.0,Residential,61500,38.620685,-121.460539,1
4030 BROADWAY,SACRAMENTO,95817,CA,2.0,1.0,623.0,Residential,62050,38.546798,-121.460038,1
3660 22ND AVE,SACRAMENTO,95820,CA,2.0,1.0,932.0,Residential,65000,38.532718,-121.46747,1
3924 HIGH ST,SACRAMENTO,95838,CA,2.0,1.0,796.0,Residential,65000,38.638797,-121.435049,1
4734 14TH AVE,SACRAMENTO,95820,CA,2.0,1.0,834.0,Residential,68000,38.539447,-121.450858,1
4734 14TH AVE,SACRAMENTO,95820,CA,2.0,1.0,834.0,Residential,68000,38.539447,-121.450858,1
5050 RHODE ISLAND DR Unit 4,SACRAMENTO,95841,CA,2.0,1.0,924.0,Condo,77000,38.658739,-121.333561,1
4513 GREENHOLME DR,SACRAMENTO,95842,CA,2.0,1.0,795.0,Condo,82732,38.669104,-121.359008,1
3845 ELM ST,SACRAMENTO,95838,CA,3.0,1.0,1250.0,Residential,84000,38.637337,-121.432835,1
3908 17TH AVE,SACRAMENTO,95820,CA,2.0,1.0,984.0,Residential,84675,38.53728,-121.463531,1
7109 CHANDLER DR,SACRAMENTO,95828,CA,3.0,1.0,1013.0,Residential,85000,38.497237,-121.424187,1
7541 SKELTON WAY,SACRAMENTO,95822,CA,3.0,1.0,1012.0,Residential,90000,38.484274,-121.488851,1
9058 MONTOYA ST,SACRAMENTO,95826,CA,2.0,1.0,795.0,Condo,90000,38.559144,-121.368387,1
1016 CONGRESS AVE,SACRAMENTO,95838,CA,2.0,2.0,918.0,Residential,91000,38.630151,-121.442789,1
540 MORRISON AVE,SACRAMENTO,95838,CA,3.0,1.0,1082.0,Residential,95000,38.637704,-121.453946,1
5303 JERRETT WAY,SACRAMENTO,95842,CA,2.0,1.0,964.0,Residential,97500,38.663282,-121.359631,1
2820 DEL PASO BLVD,SACRAMENTO,95815,CA,4.0,2.0,1404.0,Multi-Family,100000,38.617718,-121.440089,1
3715 TALLYHO DR Unit 78HIGH,SACRAMENTO,95826,CA,1.0,1.0,625.0,Condo,100000,38.544627,-121.35796,1
6013 ROWAN WAY,CITRUS HEIGHTS,95621,CA,2.0,1.0,888.0,Residential,101000,38.675893,-121.2963,1
2987 PONDEROSA LN,SACRAMENTO,95815,CA,4.0,2.0,1120.0,Residential,102750,38.622243,-121.457863,1
3732 LANKERSHIM WAY,NORTH HIGHLANDS,95660,CA,3.0,1.0,1331.0,Residential,112500,38.68972,-121.378399,1
2216 DUNLAP DR,SACRAMENTO,95821,CA,3.0,1.0,1014.0,Residential,113000,38.623738,-121.41305,1
3503 21ST AVE,SACRAMENTO,95820,CA,4.0,2.0,1448.0,Residential,114000,38.53361,-121.469308,1
523 EXCHANGE ST,SACRAMENTO,95838,CA,3.0,1.0,966.0,Residential,114000,38.659414,-121.45408,1
8101 PORT ROYALE WAY,SACRAMENTO,95823,CA,2.0,1.0,779.0,Residential,114750,38.463929,-121.438667,1
8020 WALERGA RD,ANTELOPE,95843,CA,2.0,2.0,836.0,Condo,115000,38.71607,-121.364468,1
167 VALLEY OAK DR,ROSEVILLE,95678,CA,2.0,2.0,1100.0,Condo,115000,38.732429,-121.288069,1
7876 BURLINGTON WAY,SACRAMENTO,95832,CA,3.0,1.0,1174.0,Residential,116100,38.470093,-121.468347,1
3726 JONKO AVE,NORTH HIGHLANDS,95660,CA,3.0,2.0,1207.0,Residential,119250,38.656131,-121.377265,1
7342 GIGI PL,SACRAMENTO,95828,CA,4.0,4.0,1995.0,Multi-Family,120000,38.490704,-121.410176,1
2610 PHYLLIS AVE,SACRAMENTO,95820,CA,2.0,1.0,804.0,Residential,120000,38.53105,-121.479574,1
4200 COMMERCE WAY Unit 711,SACRAMENTO,95834,CA,2.0,2.0,958.0,Condo,120000,38.647523,-121.523217,1
4621 COUNTRY SCENE WAY,SACRAMENTO,95823,CA,3.0,2.0,1366.0,Residential,120108,38.470187,-121.448149,1
5380 VILLAGE WOOD DR,SACRAMENTO,95823,CA,2.0,2.0,901.0,Residential,121500,38.454949,-121.440578,1
2621 EVERGREEN ST,SACRAMENTO,95815,CA,3.0,1.0,696.0,Residential,121725,38.613103,-121.444085,1
201 CARLO CT,GALT,95632,CA,3.0,2.0,1080.0,Residential,122000,38.24227,-121.31032,1
6743 21ST ST,SACRAMENTO,95822,CA,3.0,2.0,1104.0,Residential,123000,38.50372,-121.490657,1
3128 VIA GRANDE,SACRAMENTO,95825,CA,2.0,1.0,972.0,Residential,125000,38.598321,-121.39161,1
2847 BELGRADE WAY,SACRAMENTO,95833,CA,4.0,2.0,1390.0,Residential,125573,38.617173,-121.482541,1
7741 MILLDALE CIR,ELVERTA,95626,CA,4.0,2.0,1354.0,Residential,126714,38.705834,-121.43919,1
9013 CASALS ST,SACRAMENTO,95826,CA,2.0,1.0,795.0,Condo,126960,38.557045,-121.37167,1
227 MAHAN CT Unit 1,ROSEVILLE,95678,CA,2.0,1.0,780.0,Condo,127000,38.749723,-121.27008,1
7349 FLETCHER FARM DR,SACRAMENTO,95828,CA,4.0,2.0,1587.0,Residential,127500,38.49069,-121.382619,1
7226 LARCHMONT DR,NORTH HIGHLANDS,95660,CA,3.0,2.0,1209.0,Residential,130000,38.699269,-121.376334,1
4114 35TH AVE,SACRAMENTO,95824,CA,2.0,1.0,1139.0,Residential,133105,38.520941,-121.459355,1
617 M ST,RIO LINDA,95673,CA,2.0,2.0,1690.0,Residential,136500,38.691104,-121.451832,1
7032 FAIR OAKS BLVD,CARMICHAEL,95608,CA,3.0,2.0,1245.0,Condo,139500,38.628563,-121.328297,1
2421 SANTINA WAY,ELVERTA,95626,CA,3.0,2.0,1416.0,Residential,140000,38.71865,-121.407763,1
2368 CRAIG AVE,SACRAMENTO,95832,CA,3.0,2.0,1300.0,Residential,140800,38.47807,-121.48114,1
2123 AMANDA WAY,SACRAMENTO,95822,CA,3.0,2.0,1120.0,Residential,145000,38.484896,-121.486948,1
7620 DARLA WAY,SACRAMENTO,95828,CA,4.0,2.0,1590.0,Residential,147000,38.478502,-121.403517,1
8344 FIELDPOPPY CIR,SACRAMENTO,95828,CA,3.0,2.0,1407.0,Residential,149600,38.479083,-121.400702,1
3624 20TH AVE,SACRAMENTO,95820,CA,5.0,2.0,1516.0,Residential,150000,38.534508,-121.467907,1
10001 WOODCREEK OAKS BLVD Unit 1415,ROSEVILLE,95747,CA,2.0,2.0,0.0,Condo,150000,38.795529,-121.328819,1
2848 PROVO WAY,SACRAMENTO,95822,CA,3.0,2.0,1646.0,Residential,150000,38.489759,-121.474754,1
6045 EHRHARDT AVE,SACRAMENTO,95823,CA,3.0,2.0,1676.0,Residential,155000,38.457157,-121.433065,1
1223 LAMBERTON CIR,SACRAMENTO,95838,CA,3.0,2.0,1370.0,Residential,155435,38.646677,-121.437573,1
1223 LAMBERTON CIR,SACRAMENTO,95838,CA,3.0,2.0,1370.0,Residential,155500,38.646677,-121.437573,1
6000 BIRCHGLADE WAY,CITRUS HEIGHTS,95621,CA,4.0,2.0,1351.0,Residential,158000,38.70166,-121.323249,1
7204 THOMAS DR,NORTH HIGHLANDS,95660,CA,3.0,2.0,1152.0,Residential,158000,38.697898,-121.377687,1
8363 LANGTREE WAY,SACRAMENTO,95823,CA,3.0,2.0,1452.0,Residential,160000,38.45356,-121.435959,1
1675 VERNON ST Unit 8,ROSEVILLE,95678,CA,2.0,1.0,990.0,Residential,160000,38.734136,-121.299639,1
6632 IBEX WOODS CT,CITRUS HEIGHTS,95621,CA,2.0,2.0,1162.0,Residential,164000,38.720868,-121.309855,1
117 EVCAR WAY,RIO LINDA,95673,CA,3.0,2.0,1182.0,Residential,164000,38.687659,-121.4633,1
6485 LAGUNA MIRAGE LN,ELK GROVE,95758,CA,2.0,2.0,1112.0,Residential,165000,38.42465,-121.430137,1
746 MOOSE CREEK WAY,GALT,95632,CA,3.0,2.0,1100.0,Residential,167000,38.283085,-121.302071,1
8306 CURLEW CT,CITRUS HEIGHTS,95621,CA,4.0,2.0,1280.0,Residential,167293,38.715781,-121.298519,1
8306 CURLEW CT,CITRUS HEIGHTS,95621,CA,4.0,2.0,1280.0,Residential,167293,38.715781,-121.298519,1
5217 ARGO WAY,SACRAMENTO,95820,CA,3.0,1.0,1039.0,Residential,168000,38.52774,-121.433669,1
7108 HEATHER TREE DR,SACRAMENTO,95842,CA,3.0,2.0,1159.0,Residential,170000,38.695677,-121.36022,1
2956 DAVENPORT WAY,SACRAMENTO,95833,CA,4.0,2.0,1917.0,Residential,170000,38.620687,-121.482619,1
10062 LINCOLN VILLAGE DR,SACRAMENTO,95827,CA,3.0,2.0,1520.0,Residential,170000,38.564,-121.320023,1
332 PALIN AVE,GALT,95632,CA,3.0,2.0,1204.0,Residential,174000,38.260467,-121.302636,1
4649 FREEWAY CIR,SACRAMENTO,95841,CA,3.0,2.0,1120.0,Residential,178000,38.658734,-121.357196,1
8593 DERLIN WAY,SACRAMENTO,95823,CA,3.0,2.0,1436.0,Residential,180000,38.447585,-121.426627,1
9273 PREMIER WAY,SACRAMENTO,95826,CA,3.0,2.0,1451.0,Residential,180000,38.55992,-121.352539,1
8032 DUSENBERG CT,SACRAMENTO,95828,CA,4.0,2.0,1638.0,Residential,180000,38.466499,-121.381119,1
7110 STELLA LN Unit 15,CARMICHAEL,95608,CA,2.0,2.0,1000.0,Condo,182000,38.637396,-121.300055,1
1786 PIEDMONT WAY,ROSEVILLE,95661,CA,3.0,1.0,1152.0,Residential,188325,38.72748,-121.256537,1
1347 HIDALGO CIR,ROSEVILLE,95747,CA,3.0,2.0,1154.0,Residential,191500,38.747878,-121.311279,1
212 CAPPUCINO WAY,SACRAMENTO,95838,CA,3.0,2.0,1353.0,Residential,192000,38.657811,-121.465327,1
5938 WOODBRIAR WAY,CITRUS HEIGHTS,95621,CA,3.0,2.0,1329.0,Residential,192700,38.706152,-121.325399,1
3801 WILDROSE WAY,SACRAMENTO,95826,CA,3.0,1.0,1356.0,Residential,195000,38.544368,-121.369979,1
508 SAMUEL WAY,SACRAMENTO,95838,CA,3.0,2.0,1505.0,Residential,197654,38.645689,-121.452766,1
6128 CARL SANDBURG CIR,SACRAMENTO,95842,CA,3.0,1.0,1009.0,Residential,198000,38.681541,-121.355616,1
1 KENNELFORD CIR,SACRAMENTO,95823,CA,3.0,2.0,1144.0,Residential,200345,38.46452,-121.427606,1
909 SINGINGWOOD RD,SACRAMENTO,95864,CA,2.0,1.0,930.0,Residential,203000,38.581471,-121.38839,1
6671 FOXWOOD CT,SACRAMENTO,95841,CA,4.0,2.0,1766.0,Residential,207000,38.687943,-121.328883,1
8165 AYN RAND CT,SACRAMENTO,95828,CA,4.0,3.0,1940.0,Residential,208000,38.468639,-121.403265,1
9474 VILLAGE TREE DR,ELK GROVE,95758,CA,4.0,2.0,1776.0,Residential,210000,38.413947,-121.408276,1
7213 CALVIN DR,CITRUS HEIGHTS,95621,CA,3.0,1.0,1258.0,Residential,212000,38.698154,-121.298375,1
8167 DERBY PARK CT,SACRAMENTO,95828,CA,4.0,2.0,1872.0,Residential,213675,38.460492,-121.373379,1
6344 LAGUNA MIRAGE LN,ELK GROVE,95758,CA,2.0,2.0,1112.0,Residential,213697,38.423963,-121.428875,1
2945 RED HAWK WAY,SACRAMENTO,95833,CA,4.0,2.0,1856.0,Residential,215000,38.619675,-121.496903,1
3228 I ST,SACRAMENTO,95816,CA,4.0,3.0,1939.0,Residential,215000,38.573844,-121.462839,1
308 ATKINSON ST,ROSEVILLE,95678,CA,3.0,1.0,998.0,Residential,215100,38.746794,-121.29971,1
624 HOVEY WAY,ROSEVILLE,95678,CA,3.0,2.0,1758.0,Residential,217500,38.756149,-121.306479,1
110 COPPER LEAF WAY,SACRAMENTO,95838,CA,3.0,2.0,2142.0,Residential,218000,38.658466,-121.460661,1
7535 ALMA VISTA WAY,SACRAMENTO,95831,CA,2.0,1.0,950.0,Residential,220000,38.48403,-121.507641,1
7423 WILSALL CT,ELK GROVE,95758,CA,4.0,3.0,1739.0,Residential,221000,38.417026,-121.416821,1
8629 VIA ALTA WAY,ELK GROVE,95624,CA,3.0,2.0,1516.0,Residential,222900,38.398245,-121.380615,1
3318 DAVIDSON DR,ANTELOPE,95843,CA,3.0,1.0,988.0,Residential,223139,38.705753,-121.388917,1
913 COBDEN CT,GALT,95632,CA,4.0,2.0,1555.0,Residential,225500,38.282001,-121.295902,1
4419 79TH ST,SACRAMENTO,95820,CA,3.0,2.0,1212.0,Residential,228327,38.534827,-121.412545,1
3012 SPOONWOOD WAY,SACRAMENTO,95833,CA,4.0,2.0,1871.0,Residential,230000,38.62478,-121.523474,1
8728 CRYSTAL RIVER WAY,SACRAMENTO,95828,CA,3.0,2.0,1302.0,Residential,230000,38.47547,-121.380055,1
4709 AMBER LN Unit 1,SACRAMENTO,95841,CA,2.0,1.0,756.0,Condo,230522,38.657789,-121.354994,1
4508 OLD DAIRY DR,ANTELOPE,95843,CA,4.0,3.0,2026.0,Residential,231200,38.72286,-121.358939,1
312 RIVER ISLE WAY,SACRAMENTO,95831,CA,3.0,2.0,1375.0,Residential,232000,38.49026,-121.550527,1
301 OLIVADI WAY,SACRAMENTO,95834,CA,2.0,2.0,1250.0,Condo,232500,38.644406,-121.549049,1
5636 25TH ST,SACRAMENTO,95822,CA,3.0,1.0,1058.0,Residential,233641,38.523828,-121.481139,1
8721 SPRUCE RIDGE WAY,ANTELOPE,95843,CA,3.0,2.0,1187.0,Residential,234000,38.727657,-121.391028,1
7461 WINDBRIDGE DR,SACRAMENTO,95831,CA,2.0,2.0,1324.0,Residential,234500,38.48797,-121.530229,1
8101 LEMON COVE CT,SACRAMENTO,95828,CA,4.0,3.0,1936.0,Residential,235000,38.462981,-121.408288,1
10949 SCOTSMAN WAY,RANCHO CORDOVA,95670,CA,5.0,4.0,2382.0,Multi-Family,236000,38.603686,-121.277844,1
617 WILLOW CREEK DR,FOLSOM,95630,CA,3.0,2.0,1427.0,Residential,236073,38.679626,-121.142609,1
3301 PARK DR Unit 1914,SACRAMENTO,95835,CA,3.0,2.0,1678.0,Condo,238000,38.665296,-121.531993,1
709 CIMMARON CT,GALT,95632,CA,4.0,2.0,1798.0,Residential,238861,38.277177,-121.303747,1
3305 RIO ROCA CT,ANTELOPE,95843,CA,4.0,3.0,2652.0,Residential,239700,38.725079,-121.387698,1
9080 BEDROCK CT,SACRAMENTO,95829,CA,4.0,2.0,1816.0,Residential,240000,38.456939,-121.362965,1
100 TOURMALINE CIR,SACRAMENTO,95834,CA,5.0,3.0,3076.0,Residential,240000,38.63437,-121.510779,1
6411 RED BIRCH WAY,ELK GROVE,95758,CA,4.0,2.0,1844.0,Residential,241000,38.43461,-121.429316,1
4867 LAGUNA DR,SACRAMENTO,95823,CA,3.0,2.0,1306.0,Residential,245000,38.46179,-121.445371,1
3662 RIVER DR,SACRAMENTO,95833,CA,4.0,3.0,2447.0,Residential,246000,38.604969,-121.54255,1
6943 WOLFGRAM WAY,SACRAMENTO,95828,CA,4.0,2.0,1176.0,Residential,247234,38.489215,-121.419546,1
77 RINETTI WAY,RIO LINDA,95673,CA,4.0,2.0,1182.0,Residential,247480,38.687021,-121.463151,1
1316 I ST,RIO LINDA,95673,CA,3.0,1.0,1160.0,Residential,249862,38.683674,-121.435204,1
2130 CATHERWOOD WAY,SACRAMENTO,95835,CA,3.0,2.0,1424.0,Residential,251000,38.675506,-121.510987,1
8304 JUGLANS DR,ORANGEVALE,95662,CA,4.0,2.0,1574.0,Residential,252155,38.691829,-121.249033,1
5308 MARBURY WAY,ANTELOPE,95843,CA,3.0,2.0,1830.0,Residential,254172,38.710221,-121.341707,1
9182 LAKEMONT DR,ELK GROVE,95624,CA,4.0,2.0,1724.0,Residential,258000,38.451353,-121.358776,1
2231 COUNTRY VILLA CT,AUBURN,95603,CA,2.0,2.0,1255.0,Condo,260000,38.931671,-121.097862,1
8491 CRYSTAL WALK CIR,ELK GROVE,95758,CA,,,,Residential,261000,38.416916,-121.407554,1
361 MAHONIA CIR,SACRAMENTO,95835,CA,4.0,3.0,2175.0,Residential,261000,38.676172,-121.509761,1
3427 LA CADENA WAY,SACRAMENTO,95835,CA,4.0,2.0,1904.0,Residential,261000,38.681194,-121.537351,1
955 BIG SUR CT,EL DORADO HILLS,95762,CA,4.0,2.0,1808.0,Residential,262500,38.664347,-121.076529,1
11826 DIONYSUS WAY,RANCHO CORDOVA,95742,CA,4.0,2.0,2711.0,Residential,266000,38.551046,-121.239411,1
5847 DEL CAMPO LN,CARMICHAEL,95608,CA,3.0,1.0,1713.0,Residential,266000,38.671995,-121.324339,1
5635 FOXVIEW WAY,ELK GROVE,95757,CA,3.0,2.0,1457.0,Residential,270000,38.395256,-121.438249,1
10372 VIA CINTA CT,ELK GROVE,95757,CA,4.0,3.0,2724.0,Residential,274425,38.380089,-121.428186,1
6286 LONETREE BLVD,ROCKLIN,95765,CA,,,,Residential,274500,38.805036,-121.293608,1
7744 SOUTHBREEZE DR,SACRAMENTO,95828,CA,3.0,2.0,1468.0,Residential,275336,38.476932,-121.378349,1
2242 ABLE WAY,SACRAMENTO,95835,CA,4.0,3.0,2550.0,Residential,277980,38.666074,-121.509743,1
1042 STARBROOK DR,GALT,95632,CA,4.0,2.0,1928.0,Residential,280000,38.285611,-121.293063,1
1219 G ST,SACRAMENTO,95814,CA,3.0,3.0,1922.0,Residential,284686,38.582818,-121.489096,1
6220 OPUS CT,CITRUS HEIGHTS,95621,CA,3.0,2.0,1343.0,Residential,284893,38.715853,-121.317095,1
5419 HAVENHURST CIR,ROCKLIN,95677,CA,3.0,2.0,1510.0,Residential,285000,38.786746,-121.209957,1
220 OLD AIRPORT RD,AUBURN,95603,CA,2.0,2.0,960.0,Multi-Family,285000,38.939802,-121.054575,1
4622 MEYER WAY,CARMICHAEL,95608,CA,4.0,2.0,1559.0,Residential,285000,38.64913,-121.310667,1
4885 SUMMIT VIEW DR,EL DORADO,95623,CA,3.0,2.0,1624.0,Residential,289000,38.673285,-120.879176,1
26 JEANROSS CT,SACRAMENTO,95832,CA,5.0,3.0,2992.0,Residential,295000,38.473162,-121.491085,1
4800 MAPLEPLAIN AVE,ELK GROVE,95758,CA,4.0,2.0,2109.0,Residential,296000,38.432848,-121.449237,1
10629 BASIE WAY,RANCHO CORDOVA,95670,CA,4.0,2.0,1524.0,Residential,296056,38.579,-121.292627,1
8612 WILLOW GROVE WAY,SACRAMENTO,95828,CA,3.0,2.0,1248.0,Residential,297359,38.464994,-121.386962,1
62 DE FER CIR,SACRAMENTO,95823,CA,4.0,2.0,1876.0,Residential,299940,38.49254,-121.463316,1
2513 OLD KENMARE RD,LINCOLN,95648,CA,5.0,3.0,0.0,Residential,304000,38.847396,-121.259586,1
3253 ABOTO WAY,RANCHO CORDOVA,95670,CA,4.0,3.0,1851.0,Residential,305000,38.57727,-121.285591,1
3072 VILLAGE PLAZA DR,ROSEVILLE,95747,CA,,,,Residential,307000,38.773094,-121.365905,1
251 CHANGO CIR,SACRAMENTO,95835,CA,4.0,2.0,2218.0,Residential,311328,38.68237,-121.539147,1
8205 WEYBURN CT,SACRAMENTO,95828,CA,3.0,2.0,1394.0,Residential,313138,38.47316,-121.403893,1
8788 LA MARGARITA WAY,SACRAMENTO,95828,CA,3.0,2.0,1410.0,Residential,316630,38.468185,-121.375694,1
5912 DEEPDALE WAY,ELK GROVE,95758,CA,5.0,3.0,3468.0,Residential,320000,38.439565,-121.436606,1
4712 PISMO BEACH DR,ANTELOPE,95843,CA,5.0,3.0,2346.0,Residential,320000,38.707705,-121.354153,1
4741 PACIFIC PARK DR,ANTELOPE,95843,CA,5.0,3.0,2347.0,Residential,325000,38.709299,-121.353056,1
310 GROTH CIR,SACRAMENTO,95834,CA,4.0,2.0,1659.0,Residential,328578,38.638764,-121.531827,1
6121 WILD FOX CT,ELK GROVE,95757,CA,3.0,3.0,2442.0,Residential,331000,38.406758,-121.431669,1
12241 CANYONLANDS DR,RANCHO CORDOVA,95742,CA,,,,Residential,331500,38.557293,-121.217611,1
29 COOL FOUNTAIN CT,SACRAMENTO,95833,CA,4.0,2.0,2155.0,Residential,340000,38.606906,-121.54132,1
907 RIO ROBLES AVE,SACRAMENTO,95838,CA,,,,Residential,344755,38.664765,-121.445006,1
8909 BILLFISH WAY,SACRAMENTO,95828,CA,3.0,2.0,1810.0,Residential,345746,38.475433,-121.372584,1
6232 GUS WAY,ELK GROVE,95757,CA,4.0,2.0,2789.0,Residential,351000,38.388129,-121.43117,1
200 OAKWILDE ST,GALT,95632,CA,4.0,2.0,1606.0,Residential,353767,38.2535,-121.31812,1
1033 PARK STREAM DR,GALT,95632,CA,,,,Residential,355000,38.287785,-121.289903,1
200 ALLAIRE CIR,SACRAMENTO,95835,CA,4.0,2.0,2166.0,Residential,356035,38.68318,-121.53484,1
1322 SUTTER WALK,SACRAMENTO,95816,CA,,,,Condo,360000,38.53805,-121.5047,1
5479 NICKMAN WAY,SACRAMENTO,95835,CA,4.0,2.0,1871.0,Residential,360552,38.672966,-121.502748,1
2103 BURBERRY WAY,SACRAMENTO,95835,CA,3.0,2.0,1800.0,Residential,362305,38.67342,-121.508542,1
2450 SAN JOSE WAY,SACRAMENTO,95817,CA,3.0,1.0,1683.0,Residential,365000,38.553596,-121.459483,1
7641 ROSEHALL DR,ROSEVILLE,95678,CA,3.0,2.0,0.0,Residential,367554,38.791617,-121.286147,1
1336 LAYSAN TEAL DR,ROSEVILLE,95747,CA,,,,Residential,368500,38.796121,-121.319963,1
2802 BLACK OAK DR,ROCKLIN,95765,CA,2.0,2.0,1596.0,Residential,370000,38.837006,-121.232024,1
2113 FALL TRAIL CT,PLACERVILLE,95667,CA,4.0,2.0,0.0,Residential,371086,38.733155,-120.748039,1
10112 LAMBEAU CT,ELK GROVE,95757,CA,3.0,2.0,1179.0,Residential,378000,38.390328,-121.448022,1
6313 CASTRO VERDE WAY,ELK GROVE,95757,CA,,,,Residential,383000,38.381102,-121.42901,1
3622 CURTIS DR,SACRAMENTO,95818,CA,3.0,1.0,1639.0,Residential,388000,38.541735,-121.480098,1
11817 OPAL RIDGE WAY,RANCHO CORDOVA,95742,CA,5.0,3.0,3281.0,Residential,395100,38.551083,-121.237476,1
170 LAGOMARSINO WAY,SACRAMENTO,95819,CA,3.0,2.0,1697.0,Residential,400000,38.574894,-121.435806,1
2743 DEAKIN PL,EL DORADO HILLS,95762,CA,3.0,2.0,0.0,Residential,400000,38.69288,-121.073551,1
3361 ALDER CANYON WAY,ANTELOPE,95843,CA,4.0,3.0,2085.0,Residential,408431,38.727649,-121.385656,1
2148 RANCH VIEW DR,ROCKLIN,95765,CA,,,,Residential,413000,38.837455,-121.289337,1
398 LINDLEY DR,SACRAMENTO,95815,CA,4.0,2.0,1744.0,Multi-Family,416767,38.622359,-121.457582,1
3013 BRIDLEWOOD DR,EL DORADO HILLS,95762,CA,4.0,3.0,0.0,Residential,420000,38.675519,-121.015862,1
169 BAURER CIR,FOLSOM,95630,CA,4.0,3.0,1939.0,Residential,423000,38.66695,-121.120729,1
2809 LOON CT,CAMERON PARK,95682,CA,4.0,2.0,0.0,Residential,423000,38.687072,-121.004729,1
1315 KONDOS AVE,SACRAMENTO,95814,CA,2.0,3.0,1788.0,Residential,427500,38.571943,-121.492106,1
4966 CHARTER RD,ROCKLIN,95765,CA,3.0,2.0,1691.0,Residential,430922,38.82553,-121.254698,1
9516 LAGUNA LAKE WAY,ELK GROVE,95758,CA,4.0,2.0,2002.0,Residential,445000,38.411258,-121.431348,1
5201 BLOSSOM RANCH DR,ELK GROVE,95757,CA,4.0,4.0,4303.0,Residential,450000,38.399436,-121.444041,1
3027 PALMATE WAY,SACRAMENTO,95834,CA,5.0,3.0,4246.0,Residential,452000,38.628955,-121.529269,1
500 WINCHESTER CT,ROSEVILLE,95661,CA,3.0,2.0,2274.0,Residential,470000,38.73988,-121.248929,1
5746 GELSTON WAY,EL DORADO HILLS,95762,CA,4.0,3.0,0.0,Residential,471000,38.677015,-121.034083,1
6935 ELM TREE LN,ORANGEVALE,95662,CA,4.0,4.0,3056.0,Residential,475000,38.693041,-121.23294,1
9605 GOLF COURSE LN,ELK GROVE,95758,CA,3.0,3.0,2503.0,Residential,484500,38.409689,-121.446059,1
719 BAYWOOD CT,EL DORADO HILLS,95762,CA,5.0,3.0,0.0,Residential,487500,38.647598,-121.077801,1
5954 TANUS CIR,ROCKLIN,95677,CA,3.0,3.0,0.0,Residential,488750,38.777585,-121.2036,1
100 CHELSEA CT,FOLSOM,95630,CA,3.0,2.0,1905.0,Residential,500000,38.69435,-121.177259,1
1500 ORANGE HILL LN,PENRYN,95663,CA,3.0,2.0,1320.0,Residential,506688,38.862708,-121.162092,1
408 KIRKWOOD CT,LINCOLN,95648,CA,2.0,2.0,0.0,Residential,512000,38.861615,-121.26869,1
1732 TUSCAN GROVE CIR,ROSEVILLE,95747,CA,5.0,3.0,0.0,Residential,520000,38.796683,-121.342555,1
2049 EMPIRE MINE CIR,GOLD RIVER,95670,CA,4.0,2.0,3037.0,Residential,528000,38.629299,-121.249021,1
9360 MAGOS RD,WILTON,95693,CA,5.0,2.0,3741.0,Residential,579093,38.416809,-121.240628,1
104 CATLIN CT,FOLSOM,95630,CA,4.0,3.0,2660.0,Residential,636000,38.684459,-121.145935,1
4734 GIBBONS DR,CARMICHAEL,95608,CA,4.0,3.0,3357.0,Residential,668365,38.63558,-121.353639,1
4629 DORCHESTER LN,GRANITE BAY,95746,CA,5.0,3.0,2896.0,Residential,676200,38.723545,-121.216025,1
2400 COUNTRYSIDE DR,PLACERVILLE,95667,CA,3.0,2.0,2025.0,Residential,677048,38.737452,-120.910963,1
12901 FURLONG DR,WILTON,95693,CA,5.0,3.0,3788.0,Residential,691659,38.413535,-121.188211,1
6222 CALLE MONTALVO CIR,GRANITE BAY,95746,CA,5.0,3.0,3670.0,Residential,760000,38.779435,-121.146676,1
8208 WOODYARD WAY,CITRUS HEIGHTS,95621,CA,3.0,2.0,1166.0,Residential,30000,38.715322,-121.314787,5
113 RINETTI WAY,RIO LINDA,95673,CA,,,,Residential,30000,38.687172,-121.463933,5
15 LOORZ CT,SACRAMENTO,95823,CA,2.0,1.0,838.0,Residential,55422,38.471646,-121.435158,5
5805 DOTMAR WAY,NORTH HIGHLANDS,95660,CA,2.0,1.0,904.0,Residential,63000,38.672642,-121.380343,5
2332 CAMBRIDGE ST,SACRAMENTO,95815,CA,2.0,1.0,1032.0,Residential,65000,38.608085,-121.449651,5
3812 BELDEN ST,SACRAMENTO,95838,CA,2.0,1.0,904.0,Residential,65000,38.636833,-121.44164,5
3348 40TH ST,SACRAMENTO,95817,CA,2.0,1.0,1080.0,Residential,65000,38.544162,-121.460652,5
127 QUASAR CIR,SACRAMENTO,95822,CA,2.0,2.0,990.0,Residential,66500,38.493504,-121.475304,5
3812 CYPRESS ST,SACRAMENTO,95838,CA,2.0,1.0,900.0,Residential,71000,38.636877,-121.444948,5
5821 64TH ST,SACRAMENTO,95824,CA,2.0,1.0,861.0,Residential,75000,38.521202,-121.428146,5
8248 CENTER PKWY,SACRAMENTO,95823,CA,2.0,1.0,906.0,Condo,77000,38.459002,-121.428794,5
1171 SONOMA AVE,SACRAMENTO,95815,CA,2.0,1.0,1011.0,Residential,85000,38.6238,-121.439872,5
4250 ARDWELL WAY,SACRAMENTO,95823,CA,3.0,2.0,1089.0,Residential,95625,38.466938,-121.455631,5
3104 CLAY ST,SACRAMENTO,95815,CA,2.0,1.0,832.0,Residential,96140,38.62391,-121.439208,5
6063 LAND PARK DR,SACRAMENTO,95822,CA,2.0,1.0,800.0,Condo,104250,38.517029,-121.513809,5
4738 OAKHOLLOW DR,SACRAMENTO,95842,CA,4.0,2.0,1292.0,Residential,105000,38.679598,-121.356035,5
1401 STERLING ST,SACRAMENTO,95822,CA,2.0,1.0,810.0,Residential,108000,38.520319,-121.504727,5
3715 DIDCOT CIR,SACRAMENTO,95838,CA,4.0,2.0,1064.0,Residential,109000,38.635232,-121.460098,5
2426 RASHAWN DR,RANCHO CORDOVA,95670,CA,2.0,1.0,911.0,Residential,115000,38.610852,-121.273278,5
4800 WESTLAKE PKWY Unit 410,SACRAMENTO,95835,CA,1.0,1.0,846.0,Condo,115000,38.658812,-121.542345,5
3409 VIRGO ST,SACRAMENTO,95827,CA,3.0,2.0,1320.0,Residential,115500,38.563402,-121.327747,5
1110 PINEDALE AVE,SACRAMENTO,95838,CA,3.0,2.0,1410.0,Residential,115620,38.660173,-121.440216,5
2361 LA LOMA DR,RANCHO CORDOVA,95670,CA,3.0,2.0,1115.0,Residential,116000,38.59368,-121.316054,5
1455 64TH AVE,SACRAMENTO,95822,CA,3.0,2.0,1169.0,Residential,122000,38.492177,-121.503392,5
7328 SPRINGMAN ST,SACRAMENTO,95822,CA,3.0,2.0,1164.0,Residential,122500,38.491991,-121.477636,5
119 SAINT MARIE CIR,SACRAMENTO,95823,CA,4.0,2.0,1341.0,Residential,123000,38.481454,-121.446644,5
12 COSTA BRASE CT,SACRAMENTO,95838,CA,3.0,2.0,1219.0,Residential,124000,38.655554,-121.464275,5
6813 SCOTER WAY,SACRAMENTO,95842,CA,4.0,2.0,1127.0,Residential,124000,38.69043,-121.361035,5
6548 GRAYLOCK LN,NORTH HIGHLANDS,95660,CA,3.0,2.0,1272.0,Residential,124413,38.686061,-121.369949,5
1630 GLIDDEN AVE,SACRAMENTO,95822,CA,4.0,2.0,1253.0,Residential,125000,38.482717,-121.499683,5
7825 DALEWOODS WAY,SACRAMENTO,95828,CA,3.0,2.0,1120.0,Residential,130000,38.477297,-121.411513,5
4073 TRESLER AVE,NORTH HIGHLANDS,95660,CA,2.0,2.0,1118.0,Residential,131750,38.659016,-121.370457,5
4288 DYMIC WAY,SACRAMENTO,95838,CA,4.0,3.0,1890.0,Residential,137721,38.646541,-121.441139,5
1158 SAN IGNACIO WAY,SACRAMENTO,95833,CA,3.0,2.0,1260.0,Residential,137760,38.623045,-121.486279,5
4904 J PKWY,SACRAMENTO,95823,CA,3.0,2.0,1400.0,Residential,138000,38.487297,-121.44295,5
2931 HOWE AVE,SACRAMENTO,95821,CA,3.0,1.0,1264.0,Residential,140000,38.619012,-121.415329,5
5531 JANSEN DR,SACRAMENTO,95824,CA,3.0,1.0,1060.0,Residential,145000,38.522015,-121.438713,5
7836 ORCHARD WOODS CIR,SACRAMENTO,95828,CA,2.0,2.0,1132.0,Residential,145000,38.47955,-121.410867,5
4055 DEERBROOK DR,SACRAMENTO,95823,CA,3.0,2.0,1466.0,Residential,150000,38.472117,-121.459589,5
9937 BURLINE ST,SACRAMENTO,95827,CA,3.0,2.0,1092.0,Residential,150000,38.559641,-121.32316,5
6948 MIRADOR WAY,SACRAMENTO,95828,CA,4.0,2.0,1628.0,Residential,151000,38.493484,-121.42035,5
4909 RUGER CT,SACRAMENTO,95842,CA,3.0,2.0,960.0,Residential,155000,38.68747,-121.349234,5
7204 KERSTEN ST,CITRUS HEIGHTS,95621,CA,3.0,2.0,1075.0,Residential,155800,38.695863,-121.300814,5
3150 ROSEMONT DR,SACRAMENTO,95826,CA,3.0,2.0,1428.0,Residential,156142,38.554927,-121.35521,5
8200 STEINBECK WAY,SACRAMENTO,95828,CA,4.0,2.0,1358.0,Residential,158000,38.474854,-121.404726,5
8198 STEVENSON AVE,SACRAMENTO,95828,CA,6.0,4.0,2475.0,Multi-Family,159900,38.465271,-121.40426,5
6824 OLIVE TREE WAY,CITRUS HEIGHTS,95610,CA,3.0,2.0,1410.0,Residential,160000,38.689239,-121.267737,5
3536 SUN MAIDEN WAY,ANTELOPE,95843,CA,3.0,2.0,1711.0,Residential,161500,38.70968,-121.382328,5
4517 OLYMPIAD WAY,SACRAMENTO,95826,CA,4.0,2.0,1483.0,Residential,161600,38.536751,-121.359154,5
925 COBDEN CT,GALT,95632,CA,3.0,2.0,1140.0,Residential,162000,38.282047,-121.295812,5
8225 SCOTTSDALE DR,SACRAMENTO,95828,CA,4.0,2.0,1549.0,Residential,165000,38.487864,-121.402476,5
8758 LEMAS RD,SACRAMENTO,95828,CA,3.0,2.0,1410.0,Residential,165000,38.467487,-121.377055,5
6121 ALPINESPRING WAY,ELK GROVE,95758,CA,3.0,2.0,1240.0,Residential,167293,38.434075,-121.432623,5
5937 YORK GLEN WAY,SACRAMENTO,95842,CA,5.0,2.0,1712.0,Residential,168000,38.677003,-121.354454,5
6417 SUNNYFIELD WAY,SACRAMENTO,95823,CA,4.0,2.0,1580.0,Residential,168000,38.449153,-121.428272,5
4008 GREY LIVERY WAY,ANTELOPE,95843,CA,3.0,2.0,1669.0,Residential,168750,38.71846,-121.370862,5
8920 ROSETTA CIR,SACRAMENTO,95826,CA,3.0,1.0,1029.0,Residential,168750,38.544374,-121.370874,5
8300 LICHEN DR,CITRUS HEIGHTS,95621,CA,3.0,1.0,1103.0,Residential,170000,38.71641,-121.306239,5
8884 AMBERJACK WAY,SACRAMENTO,95828,CA,3.0,2.0,2161.0,Residential,170250,38.479343,-121.372553,5
4480 VALLEY HI DR,SACRAMENTO,95823,CA,3.0,2.0,1650.0,Residential,173000,38.466781,-121.450955,5
2250 FOREBAY RD,POLLOCK PINES,95726,CA,3.0,1.0,1320.0,Residential,175000,38.77491,-120.597599,5
3529 FABERGE WAY,SACRAMENTO,95826,CA,3.0,2.0,1200.0,Residential,176095,38.553275,-121.346218,5
1792 DAWNELLE WAY,SACRAMENTO,95835,CA,3.0,2.0,1170.0,Residential,176250,38.68271,-121.501697,5
7800 TABARE CT,CITRUS HEIGHTS,95621,CA,3.0,2.0,1199.0,Residential,178000,38.70799,-121.302979,5
8531 HERMITAGE WAY,SACRAMENTO,95823,CA,4.0,2.0,1695.0,Residential,179000,38.448452,-121.428536,5
2421 BERRYWOOD DR,RANCHO CORDOVA,95670,CA,3.0,2.0,1157.0,Residential,180000,38.60868,-121.27849,5
1005 MORENO WAY,SACRAMENTO,95838,CA,3.0,2.0,1410.0,Residential,180000,38.646206,-121.442767,5
1675 VERNON ST Unit 24,ROSEVILLE,95678,CA,3.0,2.0,1174.0,Residential,180000,38.734136,-121.299639,5
24 WINDCHIME CT,SACRAMENTO,95823,CA,3.0,2.0,1593.0,Residential,181000,38.44617,-121.427824,5
540 HARLING CT,RIO LINDA,95673,CA,3.0,2.0,1093.0,Residential,182000,38.68279,-121.453509,5
1207 CRESCENDO DR,ROSEVILLE,95678,CA,3.0,2.0,1770.0,Residential,182587,38.72446,-121.292829,5
7577 EDDYLEE WAY,SACRAMENTO,95822,CA,4.0,2.0,1436.0,Residential,185074,38.48291,-121.491509,5
8369 FOPPIANO WAY,SACRAMENTO,95829,CA,3.0,2.0,1124.0,Residential,185833,38.453839,-121.357919,5
8817 SAWTELLE WAY,SACRAMENTO,95826,CA,4.0,2.0,1139.0,Residential,186785,38.565322,-121.374251,5
1910 BONAVISTA WAY,SACRAMENTO,95832,CA,3.0,2.0,1638.0,Residential,187000,38.476048,-121.494961,5
8 TIDE CT,SACRAMENTO,95833,CA,3.0,2.0,1328.0,Residential,188335,38.609864,-121.492304,5
8952 ROCKY CREEK CT,ELK GROVE,95758,CA,3.0,2.0,1273.0,Residential,190000,38.431239,-121.44001,5
435 EXCHANGE ST,SACRAMENTO,95838,CA,3.0,1.0,1082.0,Residential,190000,38.659434,-121.455236,5
10105 MONTE VALLO CT,SACRAMENTO,95827,CA,4.0,2.0,1578.0,Residential,190000,38.573917,-121.316916,5
3930 ANNABELLE AVE,ROSEVILLE,95661,CA,2.0,1.0,796.0,Residential,190000,38.727609,-121.226494,5
4854 TANGERINE AVE,SACRAMENTO,95823,CA,3.0,2.0,1386.0,Residential,191250,38.478239,-121.446326,5
2909 SHAWN WAY,RANCHO CORDOVA,95670,CA,3.0,2.0,1452.0,Residential,193000,38.589925,-121.299059,5
4290 BLACKFORD WAY,SACRAMENTO,95823,CA,3.0,2.0,1513.0,Residential,193500,38.470494,-121.454162,5
5890 TT TRAK,FORESTHILL,95631,CA,,,,Residential,194818,39.020808,-120.821518,5
7015 WOODSIDE DR,SACRAMENTO,95842,CA,4.0,2.0,1578.0,Residential,195000,38.693071,-121.332365,5
6019 CHESHIRE WAY,CITRUS HEIGHTS,95610,CA,4.0,3.0,1736.0,Residential,195000,38.676437,-121.279165,5
3330 VILLAGE CT,CAMERON PARK,95682,CA,2.0,2.0,0.0,Residential,195000,38.690504,-120.996245,5
2561 VERNA WAY,SACRAMENTO,95821,CA,3.0,1.0,1473.0,Residential,195000,38.611055,-121.369964,5
3522 22ND AVE,SACRAMENTO,95820,CA,3.0,1.0,1150.0,Residential,198000,38.532725,-121.469078,5
2880 CANDIDO DR,SACRAMENTO,95833,CA,3.0,2.0,1127.0,Residential,199900,38.618019,-121.510215,5
6908 PIN OAK CT,FAIR OAKS,95628,CA,3.0,1.0,1144.0,Residential,200000,38.66424,-121.303675,5
5733 ANGELINA AVE,CARMICHAEL,95608,CA,3.0,1.0,972.0,Residential,201000,38.622634,-121.330846,5
7849 BONNY DOWNS WAY,ELK GROVE,95758,CA,4.0,2.0,2306.0,Residential,204918,38.42139,-121.411339,5
8716 LONGSPUR WAY,ANTELOPE,95843,CA,3.0,2.0,1479.0,Residential,205000,38.724083,-121.3584,5
6320 EL DORADO ST,EL DORADO,95623,CA,2.0,1.0,1040.0,Residential,205000,38.678758,-120.844118,5
2328 DOROTHY JUNE WAY,SACRAMENTO,95838,CA,3.0,2.0,1430.0,Residential,205878,38.641727,-121.412703,5
1986 DANVERS WAY,SACRAMENTO,95832,CA,4.0,2.0,1800.0,Residential,207000,38.47723,-121.492568,5
7901 GAZELLE TRAIL WAY,ANTELOPE,95843,CA,4.0,2.0,1953.0,Residential,207744,38.71174,-121.342675,5
6080 BRIDGECROSS DR,SACRAMENTO,95835,CA,3.0,2.0,1120.0,Residential,209000,38.681952,-121.505009,5
20 GROTH CIR,SACRAMENTO,95834,CA,3.0,2.0,1232.0,Residential,210000,38.640807,-121.533522,5
1900 DANBROOK DR,SACRAMENTO,95835,CA,1.0,1.0,984.0,Condo,210944,38.668433,-121.503471,5
140 VENTO CT,ROSEVILLE,95678,CA,3.0,2.0,0.0,Condo,212500,38.793533,-121.289685,5
8442 KEUSMAN ST,ELK GROVE,95758,CA,4.0,2.0,2329.0,Residential,213750,38.449651,-121.414704,5
9552 SUNLIGHT LN,ELK GROVE,95758,CA,3.0,2.0,1351.0,Residential,215000,38.410561,-121.404327,5
2733 YUMA CT,CAMERON PARK,95682,CA,2.0,2.0,0.0,Residential,215000,38.691215,-120.994949,5
1407 TIFFANY CIR,ROSEVILLE,95661,CA,4.0,1.0,1376.0,Residential,215000,38.736392,-121.2664,5
636 CRESTVIEW DR,DIAMOND SPRINGS,95619,CA,3.0,2.0,1300.0,Residential,216033,38.688255,-120.810235,5
1528 HESKET WAY,SACRAMENTO,95825,CA,4.0,2.0,1566.0,Residential,220000,38.593598,-121.403637,5
2327 32ND ST,SACRAMENTO,95817,CA,2.0,1.0,1115.0,Residential,220000,38.557433,-121.47034,5
1833 2ND AVE,SACRAMENTO,95818,CA,2.0,1.0,1032.0,Residential,220000,38.556818,-121.490669,5
7252 CARRIAGE DR,CITRUS HEIGHTS,95621,CA,4.0,2.0,1419.0,Residential,220000,38.698058,-121.294893,5
9815 PASO FINO WAY,ELK GROVE,95757,CA,3.0,2.0,1261.0,Residential,220000,38.404888,-121.443998,5
5532 ENGLE RD,CARMICHAEL,95608,CA,2.0,2.0,1637.0,Residential,220702,38.63173,-121.335286,5
1139 CLINTON RD,SACRAMENTO,95825,CA,4.0,2.0,1776.0,Multi-Family,221250,38.585291,-121.406824,5
9176 SAGE GLEN WAY,ELK GROVE,95758,CA,3.0,2.0,1338.0,Residential,222000,38.423913,-121.439115,5
9967 HATHERTON WAY,ELK GROVE,95757,CA,,,,Residential,222500,38.3052,-121.4033,5
9264 BOULDER RIVER WAY,ELK GROVE,95624,CA,5.0,2.0,2254.0,Residential,222750,38.421713,-121.345191,5
320 GROTH CIR,SACRAMENTO,95834,CA,3.0,2.0,1441.0,Residential,225000,38.638882,-121.531883,5
137 GUNNISON AVE,SACRAMENTO,95838,CA,4.0,2.0,1991.0,Residential,225000,38.650729,-121.466483,5
8209 RIVALLO WAY,SACRAMENTO,95829,CA,4.0,3.0,2126.0,Residential,228750,38.459524,-121.3501,5
8637 PERIWINKLE CIR,ELK GROVE,95624,CA,3.0,2.0,1094.0,Residential,229000,38.443184,-121.364388,5
3425 MEADOW WAY,ROCKLIN,95677,CA,3.0,2.0,1462.0,Residential,230095,38.798028,-121.235364,5
107 JARVIS CIR,SACRAMENTO,95834,CA,5.0,3.0,2258.0,Residential,232500,38.639891,-121.537603,5
2319 THORES ST,RANCHO CORDOVA,95670,CA,3.0,2.0,1074.0,Residential,233000,38.59675,-121.312716,5
8935 MOUNTAIN HOME CT,ELK GROVE,95624,CA,4.0,2.0,2111.0,Residential,233500,38.38751,-121.370276,5
2566 SERENATA WAY,SACRAMENTO,95835,CA,3.0,2.0,1686.0,Residential,239000,38.671556,-121.520916,5
4085 COUNTRY DR,ANTELOPE,95843,CA,4.0,3.0,1915.0,Residential,240000,38.706209,-121.369509,5
9297 TROUT WAY,ELK GROVE,95624,CA,4.0,2.0,2367.0,Residential,240000,38.420637,-121.375798,5
7 ARCHIBALD CT,SACRAMENTO,95823,CA,3.0,2.0,1962.0,Residential,240971,38.443305,-121.435296,5
11130 EEL RIVER CT,RANCHO CORDOVA,95670,CA,2.0,2.0,1406.0,Residential,242000,38.625932,-121.271517,5
8323 REDBANK WAY,SACRAMENTO,95829,CA,3.0,2.0,1789.0,Residential,243450,38.455753,-121.349273,5
16 BRONCO CREEK CT,SACRAMENTO,95835,CA,4.0,2.0,1876.0,Residential,243500,38.674226,-121.525497,5
8316 NORTHAM DR,ANTELOPE,95843,CA,3.0,2.0,1235.0,Residential,246544,38.720767,-121.376678,5
4240 WINJE DR,ANTELOPE,95843,CA,4.0,2.0,2504.0,Residential,246750,38.70884,-121.359559,5
3569 SODA WAY,SACRAMENTO,95834,CA,,,,Residential,247000,38.631139,-121.501879,5
5118 ROBANDER ST,CARMICHAEL,95608,CA,3.0,2.0,1676.0,Residential,247000,38.657267,-121.310352,5
5976 KYLENCH CT,CITRUS HEIGHTS,95621,CA,3.0,2.0,1367.0,Residential,249000,38.708966,-121.32467,5
9247 DELAIR WAY,ELK GROVE,95758,CA,4.0,3.0,1899.0,Residential,249000,38.422241,-121.458022,5
9054 DESCENDANT DR,ELK GROVE,95758,CA,3.0,2.0,1636.0,Residential,250000,38.428852,-121.415628,5
3450 WHITNOR CT,SACRAMENTO,95821,CA,3.0,2.0,1828.0,Residential,250000,38.627698,-121.369698,5
6288 LONETREE BLVD,ROCKLIN,95765,CA,,,,Residential,250000,38.804993,-121.293609,5
9355 MATADOR WAY,SACRAMENTO,95826,CA,4.0,2.0,1438.0,Residential,252000,38.555633,-121.350691,5
8671 SUMMER SUN WAY,ELK GROVE,95624,CA,3.0,2.0,1451.0,Residential,255000,38.442845,-121.373272,5
1890 GENEVA PL,SACRAMENTO,95825,CA,3.0,1.0,1520.0,Residential,255000,38.599449,-121.400305,5
1813 AVENIDA MARTINA,ROSEVILLE,95747,CA,3.0,2.0,1506.0,Residential,255000,38.776649,-121.339589,5
191 BARNHART CIR,SACRAMENTO,95835,CA,4.0,2.0,2605.0,Residential,257200,38.675594,-121.515878,5
6221 GREEN TOP WAY,ORANGEVALE,95662,CA,3.0,2.0,1196.0,Residential,260000,38.679409,-121.219107,5
2298 PRIMROSE LN,LINCOLN,95648,CA,3.0,2.0,1621.0,Residential,260000,38.89918,-121.322514,5
5635 LOS PUEBLOS WAY,SACRAMENTO,95835,CA,3.0,2.0,1811.0,Residential,263500,38.679191,-121.537622,5
10165 LOFTON WAY,ELK GROVE,95757,CA,3.0,2.0,1540.0,Residential,266510,38.387708,-121.436522,5
1251 GREEN RAVINE DR,LINCOLN,95648,CA,4.0,2.0,0.0,Residential,267750,38.88156,-121.301343,5
6001 SHOO FLY RD,PLACERVILLE,95667,CA,,,,Residential,270000,38.813546,-120.809254,5
3040 PARKHAM DR,ROSEVILLE,95747,CA,,,,Residential,271000,38.770835,-121.366996,5
2674 TAM O SHANTER DR,EL DORADO HILLS,95762,CA,4.0,2.0,0.0,Residential,272700,38.695801,-121.079216,5
6007 MARYBELLE LN,SHINGLE SPRINGS,95682,CA,,,,Unkown,275000,38.64347,-120.888183,5
9949 NESTLING CIR,ELK GROVE,95757,CA,3.0,2.0,1543.0,Residential,275000,38.397455,-121.468391,5
2915 HOLDREGE WAY,SACRAMENTO,95835,CA,5.0,3.0,2494.0,Residential,276000,38.663728,-121.525833,5
2678 BRIARTON DR,LINCOLN,95648,CA,3.0,2.0,1650.0,Residential,276500,38.844116,-121.274806,5
294 SPARROW DR,GALT,95632,CA,4.0,3.0,2214.0,Residential,278000,38.258976,-121.321266,5
2987 DIORITE WAY,SACRAMENTO,95835,CA,5.0,3.0,2280.0,Residential,279000,38.667332,-121.528276,5
6326 APPIAN WAY,CARMICHAEL,95608,CA,3.0,2.0,1443.0,Residential,280000,38.66266,-121.316858,5
6905 COBALT WAY,CITRUS HEIGHTS,95621,CA,4.0,2.0,1582.0,Residential,280000,38.691393,-121.305215,5
8986 HAFLINGER WAY,ELK GROVE,95757,CA,3.0,2.0,1857.0,Residential,285000,38.397923,-121.450219,5
2916 BABSON DR,ELK GROVE,95758,CA,3.0,2.0,1735.0,Residential,288000,38.417191,-121.473897,5
10133 NEBBIOLO CT,ELK GROVE,95624,CA,4.0,3.0,2096.0,Residential,289000,38.391085,-121.347231,5
1103 COMMONS DR,SACRAMENTO,95825,CA,3.0,2.0,1720.0,Residential,290000,38.567865,-121.410699,5
4636 TEAL BAY CT,ANTELOPE,95843,CA,4.0,2.0,2160.0,Residential,290000,38.704554,-121.354753,5
1524 YOUNGS AVE,SACRAMENTO,95838,CA,4.0,2.0,1382.0,Residential,293996,38.644927,-121.43054,5
865 CONRAD CT,PLACERVILLE,95667,CA,3.0,2.0,0.0,Residential,294000,38.729993,-120.802458,5
8463 TERRACOTTA CT,ELK GROVE,95624,CA,4.0,2.0,1721.0,Residential,294173,38.450548,-121.363002,5
5747 KING RD,LOOMIS,95650,CA,4.0,2.0,1328.0,Residential,295000,38.825096,-121.198432,5
8253 KEEGAN WAY,ELK GROVE,95624,CA,,,,Residential,298000,38.446286,-121.400817,5
9204 TROUT WAY,ELK GROVE,95624,CA,4.0,2.0,1982.0,Residential,298000,38.422221,-121.375799,5
1828 2ND AVE,SACRAMENTO,95818,CA,2.0,1.0,1144.0,Residential,299000,38.556844,-121.490769,5
1113 COMMONS DR,SACRAMENTO,95825,CA,2.0,2.0,1623.0,Residential,300000,38.567795,-121.410703,5
2341 BIG STRIKE TRL,COOL,95614,CA,3.0,2.0,1457.0,Residential,300000,38.905927,-120.975169,5
9452 RED SPRUCE WAY,ELK GROVE,95624,CA,6.0,3.0,2555.0,Residential,300000,38.404505,-121.346938,5
5776 TERRACE DR,ROCKLIN,95765,CA,3.0,2.0,1577.0,Residential,300567,38.800539,-121.260979,5
5908 MCLEAN DR,ELK GROVE,95757,CA,5.0,3.0,2592.0,Residential,303000,38.38912,-121.434389,5
8215 PEREGRINE WAY,CITRUS HEIGHTS,95610,CA,3.0,2.0,1401.0,Residential,305000,38.715493,-121.26293,5
1104 HILLSDALE LN,LINCOLN,95648,CA,4.0,2.0,0.0,Residential,306000,38.865017,-121.32302,5
2949 PANAMA AVE,CARMICHAEL,95608,CA,3.0,2.0,1502.0,Residential,310000,38.618369,-121.326187,5
1356 HARTLEY WAY,FOLSOM,95630,CA,3.0,2.0,1327.0,Residential,310000,38.651617,-121.131674,5
633 HANISCH DR,ROSEVILLE,95678,CA,4.0,3.0,1800.0,Residential,310000,38.76349,-121.275881,5
63 ANGEL ISLAND CIR,SACRAMENTO,95831,CA,4.0,2.0,2169.0,Residential,311518,38.490408,-121.547664,5
1571 WILD OAK LN,LINCOLN,95648,CA,5.0,3.0,2457.0,Residential,312000,38.844144,-121.274174,5
5222 COPPER SUNSET WAY,RANCHO CORDOVA,95742,CA,,,,Residential,313000,38.529181,-121.224755,5
5601 SPINDRIFT LN,ORANGEVALE,95662,CA,4.0,2.0,2004.0,Residential,315000,38.668289,-121.192316,5
652 FIFTEEN MILE DR,ROSEVILLE,95678,CA,4.0,3.0,2212.0,Residential,315000,38.775872,-121.298864,5
7921 DOE TRAIL WAY,ANTELOPE,95843,CA,5.0,3.0,3134.0,Residential,315000,38.711927,-121.343608,5
4204 LUSK DR,SACRAMENTO,95864,CA,3.0,2.0,1360.0,Residential,315000,38.606569,-121.368424,5
5321 DELTA DR,ROCKLIN,95765,CA,4.0,2.0,0.0,Residential,315000,38.815493,-121.262908,5
5608 ROSEDALE WAY,SACRAMENTO,95822,CA,3.0,2.0,1276.0,Residential,320000,38.525115,-121.518689,5
3372 BERETANIA WAY,SACRAMENTO,95834,CA,4.0,3.0,2962.0,Residential,322000,38.64977,-121.53448,5
2422 STEFANIE DR,ROCKLIN,95765,CA,4.0,2.0,1888.0,Residential,325000,38.82273,-121.26424,5
3232 PARKHAM DR,ROSEVILLE,95747,CA,,,,Residential,325500,38.772821,-121.364821,5
448 ELMWOOD CT,ROSEVILLE,95678,CA,3.0,2.0,0.0,Residential,326951,38.771917,-121.304439,5
1214 DAWNWOOD DR,GALT,95632,CA,3.0,2.0,1548.0,Residential,328370,38.290119,-121.286023,5
1440 EMERALD LN,LINCOLN,95648,CA,2.0,2.0,0.0,Residential,330000,38.861864,-121.267478,5
3349 CORVINA DR,RANCHO CORDOVA,95670,CA,4.0,3.0,2109.0,Residential,330000,38.580545,-121.279016,5
10254 JULIANA WAY,SACRAMENTO,95827,CA,4.0,2.0,2484.0,Residential,331200,38.56803,-121.309966,5
149 OPUS CIR,SACRAMENTO,95834,CA,4.0,3.0,2258.0,Residential,332000,38.6354,-121.53499,5
580 REGENCY PARK CIR,SACRAMENTO,95835,CA,3.0,3.0,2212.0,Residential,334000,38.674864,-121.4958,5
5544 CAMAS CT,ORANGEVALE,95662,CA,3.0,2.0,1616.0,Residential,335000,38.667703,-121.209456,5
5102 ARCHCREST WAY,SACRAMENTO,95835,CA,4.0,2.0,2372.0,Residential,341000,38.66841,-121.494639,5
5725 BALFOR RD,ROCKLIN,95765,CA,5.0,3.0,2606.0,Residential,346375,38.807816,-121.270008,5
7697 ROSEHALL DR,ROSEVILLE,95678,CA,5.0,3.0,0.0,Residential,347225,38.79218,-121.28595,5
4821 HUTSON WAY,ELK GROVE,95757,CA,5.0,3.0,2877.0,Residential,349000,38.386239,-121.448159,5
4509 WINJE DR,ANTELOPE,95843,CA,3.0,2.0,2960.0,Residential,350000,38.709513,-121.359357,5
1965 LAURELHURST LN,LINCOLN,95648,CA,2.0,2.0,0.0,Residential,350000,38.853869,-121.271742,5
6709 ROSE BRIDGE DR,ROSEVILLE,95678,CA,3.0,2.0,2172.0,Residential,350000,38.792461,-121.275711,5
281 SPYGLASS HL,ROSEVILLE,95678,CA,3.0,2.0,2100.0,Condo,350000,38.762153,-121.283451,5
7709 RIVER VILLAGE DR,SACRAMENTO,95831,CA,3.0,2.0,1795.0,Residential,351000,38.483212,-121.54019,5
4165 BRISBANE CIR,EL DORADO HILLS,95762,CA,3.0,2.0,0.0,Residential,356200,38.686067,-121.073413,5
506 BEDFORD CT,ROSEVILLE,95661,CA,4.0,2.0,2295.0,Residential,360000,38.733985,-121.236766,5
9048 PINTO CANYON WAY,ROSEVILLE,95747,CA,4.0,3.0,2577.0,Residential,367463,38.792493,-121.331899,5
2274 IVY BRIDGE DR,ROSEVILLE,95747,CA,,,,Residential,375000,38.778561,-121.362008,5
14004 WALNUT AVE,WALNUT GROVE,95690,CA,3.0,1.0,1727.0,Residential,380000,38.247659,-121.515129,5
6905 FRANKFORT CT,ELK GROVE,95758,CA,3.0,2.0,1485.0,Residential,380578,38.429139,-121.423444,5
3621 WINTUN DR,CARMICHAEL,95608,CA,3.0,2.0,1655.0,Residential,386222,38.629929,-121.323086,5
201 KIRKLAND CT,LINCOLN,95648,CA,,,,Residential,389000,38.867125,-121.319085,5
12075 APPLESBURY CT,RANCHO CORDOVA,95742,CA,,,,Residential,390000,38.5357,-121.2249,5
1975 SIDESADDLE WAY,ROSEVILLE,95661,CA,3.0,2.0,2049.0,Residential,395500,38.737872,-121.249025,5
5420 ALMOND FALLS WAY,RANCHO CORDOVA,95742,CA,,,,Residential,396000,38.527384,-121.233531,5
9677 PILLITERI CT,ELK GROVE,95757,CA,5.0,3.0,2875.0,Residential,397000,38.405571,-121.445186,5
1515 EL CAMINO VERDE DR,LINCOLN,95648,CA,,,,Residential,400000,38.904869,-121.32075,5
556 PLATT CIR,EL DORADO HILLS,95762,CA,4.0,2.0,2199.0,Residential,400000,38.656299,-121.079783,5
1792 DIAMOND WOODS CIR,ROSEVILLE,95747,CA,4.0,3.0,0.0,Residential,412500,38.808581,-121.32785,5
1124 PERKINS WAY,SACRAMENTO,95818,CA,2.0,1.0,1304.0,Residential,413500,38.551611,-121.504437,5
4748 SALEM WAY,CARMICHAEL,95608,CA,3.0,2.0,2334.0,Residential,415000,38.634111,-121.353376,5
1484 RADCLIFFE WAY,AUBURN,95603,CA,4.0,3.0,2278.0,Residential,420454,38.935579,-121.079018,5
51 AIKEN WAY,SACRAMENTO,95819,CA,3.0,1.0,1493.0,Residential,425000,38.579326,-121.44252,5
2818 KNOLLWOOD DR,CAMERON PARK,95682,CA,3.0,2.0,0.0,Residential,425000,38.669805,-120.999007,5
1536 STONEY CROSS LN,LINCOLN,95648,CA,,,,Residential,433500,38.860007,-121.310946,5
509 CASTILLIAN CT,ROSEVILLE,95747,CA,5.0,3.0,0.0,Residential,438000,38.804773,-121.341195,5
700 HUNTER PL,FOLSOM,95630,CA,5.0,3.0,2787.0,Residential,441000,38.66051,-121.163689,5
1240 FAY CIR,SACRAMENTO,95831,CA,5.0,3.0,2824.0,Residential,445000,38.506371,-121.514456,5
1113 SANDWICK WAY,FOLSOM,95630,CA,4.0,3.0,3261.0,Residential,446000,38.673882,-121.105077,5
3108 DELWOOD WAY,SACRAMENTO,95821,CA,4.0,2.0,2053.0,Residential,450000,38.621566,-121.370882,5
3212 CORNICHE LN,ROSEVILLE,95661,CA,4.0,3.0,2379.0,Residential,455000,38.750577,-121.232768,5
2159 BECKETT DR,EL DORADO HILLS,95762,CA,3.0,2.0,0.0,Residential,460000,38.680092,-121.036467,5
4320 FOUR SEASONS RD,PLACERVILLE,95667,CA,3.0,2.0,0.0,Residential,475000,38.690867,-120.693641,5
6401 MARSHALL RD,GARDEN VALLEY,95633,CA,3.0,2.0,0.0,Residential,490000,38.84255,-120.8754,5
2089 BECKETT DR,EL DORADO HILLS,95762,CA,4.0,2.0,0.0,Residential,493000,38.681778,-121.035838,5
6196 EDGEHILL DR,EL DORADO HILLS,95762,CA,5.0,4.0,0.0,Residential,508000,38.676131,-121.038931,5
200 HILLSFORD CT,ROSEVILLE,95747,CA,,,,Residential,511000,38.780051,-121.378718,5
8217 PLUMERIA AVE,FAIR OAKS,95628,CA,3.0,2.0,3173.0,Residential,525000,38.650735,-121.258628,5
4841 VILLAGE GREEN DR,EL DORADO HILLS,95762,CA,4.0,3.0,0.0,Residential,533000,38.664066,-121.056735,5
3863 LAS PASAS WAY,SACRAMENTO,95864,CA,3.0,1.0,1348.0,Residential,545000,38.588936,-121.373606,5
820 DANA CT,AUBURN,95603,CA,4.0,3.0,0.0,Residential,560000,38.865246,-121.094869,5
1165 37TH ST,SACRAMENTO,95816,CA,2.0,1.0,1252.0,Residential,575000,38.568438,-121.457854,5
203 CASCADE FALLS DR,FOLSOM,95630,CA,4.0,3.0,3229.0,Residential,575000,38.703962,-121.1871,5
9880 IZILDA CT,SACRAMENTO,95829,CA,5.0,4.0,3863.0,Residential,598695,38.45326,-121.32573,5
1800 AVONDALE DR,ROSEVILLE,95747,CA,5.0,3.0,0.0,Residential,600000,38.798448,-121.344054,5
4620 BROMWICH CT,ROCKLIN,95677,CA,4.0,3.0,0.0,Residential,600000,38.772672,-121.220232,5
620 KESWICK CT,GRANITE BAY,95746,CA,4.0,3.0,2356.0,Residential,600000,38.732096,-121.219142,5
4478 GREENBRAE RD,ROCKLIN,95677,CA,,,,Residential,600000,38.781134,-121.222801,5
8432 BRIGGS DR,ROSEVILLE,95747,CA,5.0,3.0,3579.0,Residential,610000,38.78861,-121.339495,5
200 CRADLE MOUNTAIN CT,EL DORADO HILLS,95762,CA,,,,Residential,622500,38.6478,-121.0309,5
2065 IMPRESSIONIST WAY,EL DORADO HILLS,95762,CA,,,,Residential,680000,38.682961,-121.033253,5
2982 ABERDEEN LN,EL DORADO HILLS,95762,CA,4.0,3.0,0.0,Residential,879000,38.706692,-121.058869,5
9401 BARREL RACER CT,WILTON,95693,CA,4.0,3.0,4400.0,Residential,884790,38.415298,-121.194858,5
3720 VISTA DE MADERA,LINCOLN,95648,CA,3.0,3.0,0.0,Residential,1551,38.851645,-121.231742,5
14151 INDIO DR,SLOUGHHOUSE,95683,CA,3.0,4.0,5822.0,Residential,2000,38.490447,-121.129337,5
7401 TOULON LN,SACRAMENTO,95828,CA,4.0,2.0,1512.0,Residential,56950,38.488628,-121.387759,4
9127 NEWHALL DR Unit 34,SACRAMENTO,95826,CA,1.0,1.0,611.0,Condo,60000,38.542419,-121.359904,4
5937 BAMFORD DR,SACRAMENTO,95823,CA,2.0,1.0,876.0,Residential,61000,38.471139,-121.432255,4
5672 HILLSDALE BLVD,SACRAMENTO,95842,CA,2.0,1.0,933.0,Condo,62000,38.670467,-121.359799,4
3920 39TH ST,SACRAMENTO,95820,CA,2.0,1.0,864.0,Residential,68566,38.539213,-121.46393,4
701 JESSIE AVE,SACRAMENTO,95838,CA,2.0,1.0,1011.0,Residential,70000,38.643978,-121.449562,4
83 ARCADE BLVD,SACRAMENTO,95815,CA,4.0,2.0,1158.0,Residential,80000,38.618716,-121.466327,4
601 REGGINALD WAY,SACRAMENTO,95838,CA,3.0,2.0,1092.0,Residential,85500,38.64472,-121.452228,4
550 DEL VERDE CIR,SACRAMENTO,95833,CA,2.0,1.0,956.0,Condo,92000,38.627147,-121.500799,4
4113 DAYSTAR CT,SACRAMENTO,95824,CA,2.0,2.0,1139.0,Residential,93600,38.520469,-121.458606,4
7374 TISDALE WAY,SACRAMENTO,95822,CA,3.0,1.0,1058.0,Residential,95000,38.488238,-121.472561,4
3348 RIO LINDA BLVD,SACRAMENTO,95838,CA,3.0,2.0,1040.0,Residential,97750,38.628842,-121.446127,4
3935 LIMESTONE WAY,SACRAMENTO,95823,CA,3.0,2.0,1354.0,Residential,104000,38.484374,-121.463157,4
6208 GRATTAN WAY,NORTH HIGHLANDS,95660,CA,3.0,1.0,1051.0,Residential,105000,38.679279,-121.376615,4
739 E WOODSIDE LN Unit E,SACRAMENTO,95825,CA,1.0,1.0,682.0,Condo,107666,38.578675,-121.409951,4
4225 46TH AVE,SACRAMENTO,95824,CA,3.0,1.0,1161.0,Residential,109000,38.511893,-121.457676,4
1434 BELL AVE,SACRAMENTO,95838,CA,3.0,1.0,1004.0,Residential,110000,38.647398,-121.432914,4
5628 GEORGIA DR,NORTH HIGHLANDS,95660,CA,3.0,1.0,1229.0,Residential,110000,38.669587,-121.379879,4
7629 BETH ST,SACRAMENTO,95832,CA,3.0,2.0,1249.0,Residential,112500,38.480126,-121.487869,4
2277 BABETTE WAY,SACRAMENTO,95832,CA,3.0,2.0,1161.0,Residential,114800,38.479593,-121.48434,4
6561 WEATHERFORD WAY,SACRAMENTO,95823,CA,3.0,1.0,1010.0,Residential,116000,38.465551,-121.42661,4
3035 ESTEPA DR Unit 5C,CAMERON PARK,95682,CA,,,,Condo,119000,38.681393,-120.996713,4
5136 CABOT CIR,SACRAMENTO,95820,CA,4.0,2.0,1462.0,Residential,121500,38.528479,-121.411806,4
7730 ROBINETTE RD,SACRAMENTO,95828,CA,3.0,2.0,1269.0,Residential,122000,38.47709,-121.410569,4
87 LACAM CIR,SACRAMENTO,95820,CA,2.0,2.0,1188.0,Residential,123675,38.532359,-121.41167,4
1691 NOGALES ST,SACRAMENTO,95838,CA,4.0,2.0,1570.0,Residential,126854,38.631925,-121.427775,4
3118 42ND ST,SACRAMENTO,95817,CA,3.0,2.0,1093.0,Residential,127059,38.546091,-121.457745,4
7517 50TH AVE,SACRAMENTO,95828,CA,3.0,1.0,962.0,Residential,128687,38.507339,-121.416267,4
4071 EVALITA WAY,SACRAMENTO,95823,CA,3.0,2.0,1089.0,Residential,129500,38.466388,-121.458861,4
7928 36TH AVE,SACRAMENTO,95824,CA,3.0,2.0,1127.0,Residential,130000,38.52049,-121.411383,4
6631 DEMARET DR,SACRAMENTO,95822,CA,4.0,2.0,1309.0,Residential,131750,38.506382,-121.483574,4
7043 9TH AVE,RIO LINDA,95673,CA,2.0,1.0,970.0,Residential,132000,38.695589,-121.444133,4
97 KENNELFORD CIR,SACRAMENTO,95823,CA,3.0,2.0,1144.0,Residential,134000,38.462376,-121.426556,4
2636 TRONERO WAY,RANCHO CORDOVA,95670,CA,3.0,1.0,1000.0,Residential,134000,38.593049,-121.30304,4
1530 TOPANGA LN Unit 204,LINCOLN,95648,CA,,,,Condo,138000,38.88415,-121.270277,4
3604 KODIAK WAY,ANTELOPE,95843,CA,3.0,2.0,1206.0,Residential,142000,38.706175,-121.379776,4
2149 COTTAGE WAY,SACRAMENTO,95825,CA,3.0,1.0,1285.0,Residential,143012,38.603593,-121.417011,4
8632 PRAIRIEWOODS DR,SACRAMENTO,95828,CA,3.0,2.0,1543.0,Residential,145846,38.477563,-121.384382,4
612 STONE BLVD,WEST SACRAMENTO,95691,CA,2.0,1.0,884.0,Residential,147000,38.563084,-121.535579,4
4180 12TH AVE,SACRAMENTO,95817,CA,3.0,1.0,1019.0,Residential,148750,38.54117,-121.458129,4
8025 ARROYO VISTA DR,SACRAMENTO,95823,CA,4.0,2.0,1392.0,Residential,150000,38.46654,-121.419029,4
5754 WALERGA RD Unit 4,SACRAMENTO,95842,CA,2.0,1.0,924.0,Condo,150454,38.672567,-121.356754,4
8 LA ROCAS CT,SACRAMENTO,95823,CA,3.0,2.0,1217.0,Residential,151087,38.46616,-121.448283,4
8636 LONGSPUR WAY,ANTELOPE,95843,CA,3.0,2.0,1670.0,Residential,157296,38.725873,-121.35856,4
1941 EXPEDITION WAY,SACRAMENTO,95832,CA,3.0,2.0,1302.0,Residential,157500,38.473775,-121.493777,4
4351 TURNBRIDGE DR,SACRAMENTO,95823,CA,3.0,2.0,1488.0,Residential,160000,38.502034,-121.456027,4
6513 HOLIDAY WAY,NORTH HIGHLANDS,95660,CA,3.0,2.0,1373.0,Residential,160000,38.685361,-121.376938,4
8321 MISTLETOE WAY,CITRUS HEIGHTS,95621,CA,4.0,2.0,1381.0,Residential,161250,38.717738,-121.308322,4
5920 VALLEY GLEN WAY,SACRAMENTO,95823,CA,3.0,2.0,1265.0,Residential,164000,38.462821,-121.433135,4
2601 SAN FERNANDO WAY,SACRAMENTO,95818,CA,2.0,1.0,881.0,Residential,165000,38.556178,-121.476256,4
501 POPLAR AVE,WEST SACRAMENTO,95691,CA,,,,Residential,165000,38.584526,-121.534609,4
8008 SAINT HELENA CT,SACRAMENTO,95829,CA,4.0,2.0,1608.0,Residential,165750,38.467012,-121.359969,4
6517 DONEGAL DR,CITRUS HEIGHTS,95621,CA,3.0,1.0,1344.0,Residential,166000,38.681554,-121.312934,4
1001 RIO NORTE WAY,SACRAMENTO,95834,CA,3.0,2.0,1202.0,Residential,169000,38.634292,-121.485106,4
604 P ST,LINCOLN,95648,CA,3.0,2.0,1104.0,Residential,170000,38.893168,-121.305398,4
10001 WOODCREEK OAKS BLVD Unit 815,ROSEVILLE,95747,CA,2.0,2.0,0.0,Condo,170000,38.795529,-121.328819,4
7351 GIGI PL,SACRAMENTO,95828,CA,4.0,2.0,1859.0,Multi-Family,170000,38.490606,-121.410173,4
7740 DIXIE LOU ST,SACRAMENTO,95832,CA,3.0,2.0,1232.0,Residential,170000,38.475853,-121.477039,4
7342 DAVE ST,SACRAMENTO,95828,CA,3.0,1.0,1638.0,Residential,170725,38.490822,-121.401643,4
7687 HOWERTON DR,SACRAMENTO,95831,CA,2.0,2.0,1177.0,Residential,171750,38.480859,-121.539745,4
26 KAMSON CT,SACRAMENTO,95833,CA,3.0,2.0,1582.0,Residential,172000,38.622794,-121.499173,4
7045 PEEVEY CT,SACRAMENTO,95823,CA,2.0,2.0,904.0,Residential,173056,38.502254,-121.451444,4
8916 GABLES MILL PL,ELK GROVE,95758,CA,3.0,2.0,1340.0,Residential,174000,38.433919,-121.422347,4
1140 EDMONTON DR,SACRAMENTO,95833,CA,3.0,2.0,1204.0,Residential,174250,38.62457,-121.486913,4
8879 APPLE PEAR CT,ELK GROVE,95624,CA,4.0,2.0,1477.0,Residential,176850,38.44574,-121.3725,4
9 WIND CT,SACRAMENTO,95823,CA,4.0,2.0,1497.0,Residential,179500,38.45073,-121.427528,4
8570 SHERATON DR,FAIR OAKS,95628,CA,3.0,1.0,960.0,Residential,185000,38.667254,-121.240708,4
1550 TOPANGA LN Unit 207,LINCOLN,95648,CA,,,,Condo,188000,38.88417,-121.270222,4
1080 RIO NORTE WAY,SACRAMENTO,95834,CA,3.0,2.0,1428.0,Residential,188700,38.634335,-121.486098,4
5501 VALLETTA WAY,SACRAMENTO,95820,CA,3.0,1.0,1039.0,Residential,189000,38.530144,-121.43749,4
5624 MEMORY LN,FAIR OAKS,95628,CA,3.0,1.0,1529.0,Residential,189000,38.66745,-121.2364,4
6622 WILLOWLEAF DR,CITRUS HEIGHTS,95621,CA,4.0,3.0,1892.0,Residential,189836,38.699714,-121.311635,4
27 MEGAN CT,SACRAMENTO,95838,CA,4.0,2.0,1887.0,Residential,190000,38.649258,-121.465308,4
6601 WOODMORE OAKS DR,ORANGEVALE,95662,CA,3.0,2.0,1294.0,Residential,191250,38.687006,-121.254319,4
1973 DANVERS WAY,SACRAMENTO,95832,CA,3.0,2.0,1638.0,Residential,191675,38.477568,-121.492574,4
8001 ARROYO VISTA DR,SACRAMENTO,95823,CA,3.0,2.0,1677.0,Residential,195500,38.46734,-121.419843,4
7409 VOYAGER WAY,CITRUS HEIGHTS,95621,CA,3.0,1.0,1073.0,Residential,198000,38.700717,-121.3133,4
815 CROSSWIND DR,SACRAMENTO,95838,CA,3.0,2.0,1231.0,Residential,200000,38.651386,-121.45042,4
5509 LAGUNA CREST WAY,ELK GROVE,95758,CA,3.0,2.0,1175.0,Residential,200000,38.42442,-121.440357,4
8424 MERRY HILL WAY,ELK GROVE,95624,CA,3.0,2.0,1416.0,Residential,200000,38.452075,-121.366461,4
1525 PENNSYLVANIA AVE,WEST SACRAMENTO,95691,CA,,,,Residential,200100,38.569943,-121.527539,4
5954 BRIDGECROSS DR,SACRAMENTO,95835,CA,3.0,2.0,1358.0,Residential,201528,38.68197,-121.500025,4
8789 SEQUOIA WOOD CT,ELK GROVE,95624,CA,4.0,2.0,1609.0,Residential,204750,38.438818,-121.37443,4
6600 SILVERTHORNE CIR,SACRAMENTO,95842,CA,4.0,3.0,1968.0,Residential,205000,38.68607,-121.342369,4
2221 2ND AVE,SACRAMENTO,95818,CA,2.0,2.0,1089.0,Residential,205000,38.555781,-121.485331,4
3230 SMATHERS WAY,CARMICHAEL,95608,CA,3.0,2.0,1296.0,Residential,205900,38.623372,-121.347665,4
5209 LAGUNA CREST WAY,ELK GROVE,95758,CA,2.0,2.0,1189.0,Residential,207000,38.424421,-121.443915,4
416 LEITCH AVE,SACRAMENTO,95815,CA,2.0,1.0,795.0,Residential,207973,38.612694,-121.456669,4
2100 BEATTY WAY,ROSEVILLE,95747,CA,3.0,2.0,1371.0,Residential,208250,38.737882,-121.308142,4
6920 GILLINGHAM WAY,NORTH HIGHLANDS,95660,CA,3.0,1.0,1310.0,Residential,208318,38.694279,-121.373395,4
82 WILDFLOWER DR,GALT,95632,CA,3.0,2.0,1262.0,Residential,209347,38.259708,-121.311616,4
8652 BANTON CIR,ELK GROVE,95624,CA,4.0,2.0,1740.0,Residential,211500,38.444,-121.370993,4
8428 MISTY PASS WAY,ANTELOPE,95843,CA,3.0,2.0,1517.0,Residential,212000,38.722959,-121.347115,4
7958 ROSEVIEW WAY,SACRAMENTO,95828,CA,3.0,2.0,1450.0,Residential,213000,38.467836,-121.410366,4
9020 LUKEN CT,ELK GROVE,95624,CA,3.0,2.0,1416.0,Residential,216000,38.451398,-121.366614,4
7809 VALLECITOS WAY,SACRAMENTO,95828,CA,3.0,1.0,888.0,Residential,216021,38.508217,-121.411207,4
8445 OLD AUBURN RD,CITRUS HEIGHTS,95610,CA,3.0,2.0,1882.0,Residential,219000,38.715423,-121.246743,4
10085 ATKINS DR,ELK GROVE,95757,CA,3.0,2.0,1302.0,Residential,219794,38.390893,-121.437821,4
9185 CERROLINDA CIR,ELK GROVE,95758,CA,3.0,2.0,1418.0,Residential,220000,38.424497,-121.426595,4
9197 CORTINA CIR,ROSEVILLE,95678,CA,3.0,2.0,0.0,Condo,220000,38.793152,-121.290025,4
5429 HESPER WAY,CARMICHAEL,95608,CA,4.0,2.0,1319.0,Residential,220000,38.665104,-121.315901,4
1178 WARMWOOD CT,GALT,95632,CA,4.0,2.0,1770.0,Residential,220000,38.289544,-121.284607,4
4900 ELUDE CT,SACRAMENTO,95842,CA,4.0,2.0,1627.0,Residential,223000,38.69674,-121.350519,4
3557 SODA WAY,SACRAMENTO,95834,CA,,,,Residential,224000,38.631026,-121.501879,4
3528 SAINT GEORGE DR,SACRAMENTO,95821,CA,3.0,1.0,1040.0,Residential,224000,38.629468,-121.376445,4
7381 WASHBURN WAY,NORTH HIGHLANDS,95660,CA,3.0,1.0,960.0,Residential,224252,38.70355,-121.375103,4
2181 WINTERHAVEN CIR,CAMERON PARK,95682,CA,3.0,2.0,0.0,Residential,224500,38.69757,-120.995739,4
7540 HICKORY AVE,ORANGEVALE,95662,CA,3.0,1.0,1456.0,Residential,225000,38.703056,-121.235221,4
5024 CHAMBERLIN CIR,ELK GROVE,95757,CA,3.0,2.0,1450.0,Residential,228000,38.389756,-121.446246,4
2400 INVERNESS DR,LINCOLN,95648,CA,3.0,2.0,1358.0,Residential,229027,38.897814,-121.324691,4
5 BISHOPGATE CT,SACRAMENTO,95823,CA,4.0,2.0,1329.0,Residential,229500,38.467936,-121.445477,4
5601 REXLEIGH DR,SACRAMENTO,95823,CA,4.0,2.0,1715.0,Residential,230000,38.445342,-121.441504,4
1909 YARNELL WAY,ELK GROVE,95758,CA,3.0,2.0,1262.0,Residential,230000,38.417382,-121.484325,4
9169 GARLINGTON CT,SACRAMENTO,95829,CA,4.0,3.0,2280.0,Residential,232425,38.457679,-121.35962,4
6932 RUSKUT WAY,SACRAMENTO,95823,CA,3.0,2.0,1477.0,Residential,234000,38.499893,-121.45889,4
7933 DAFFODIL WAY,CITRUS HEIGHTS,95610,CA,3.0,2.0,1216.0,Residential,235000,38.708824,-121.256803,4
8304 RED FOX WAY,ELK GROVE,95758,CA,4.0,2.0,1685.0,Residential,235301,38.417,-121.397424,4
3882 YELLOWSTONE LN,EL DORADO HILLS,95762,CA,3.0,2.0,1362.0,Residential,235738,38.655245,-121.075915,4
